Unnamed: 0,Suburb,Bedrooms,Bathrooms,Address,Parking Spaces,Price,Floor size,Type,URL Code
1428,Sea Point,2.0,2.0,12 Quendon Rd,0.0,10.51867319162636,95.0,Rental,31720174
1671,Fresnaye,4.0,5.0,,7.0,12.468436909997664,549.0,Rental,34862989
1457,Sea Point,2.0,1.0,,1.0,10.043249494911286,104.0,Rental,34693787
360,Sea Point,1.0,1.0,,1.0,10.126631103850338,70.0,Rental,36788442
434,Sea Point,2.0,2.0,,1.0,10.308952660644293,112.0,Rental,36798310
448,Sea Point,1.0,1.0,,0.0,9.798127036878302,,Rental,36819929
80,Rondebosch,4.0,3.0,913 Balintore Rd,4.0,10.46310334047155,,Rental,36813558
1252,Sea Point,2.0,2.0,,2.0,10.388995368317827,,Rental,36657616
1667,Clifton,4.0,3.0,,2.0,12.429216196844385,585.0,Rental,32648160
863,Cape Town City Centre,1.0,1.0,The Rose On 117 City Centre Cape Town,0.0,9.546812608597396,,Rental,36780429
1442,Woodstock,1.0,1.0,,0.0,9.472704636443671,,Rental,36540183
1142,Gardens,2.0,1.0,,1.0,9.95227771670556,,Rental,35342109
538,Green Point,2.0,2.0,10 Ravenscraig Rd,1.0,10.819778284410283,123.0,Rental,36624387
441,Newlands,4.0,2.0,,5.0,10.87804719253426,,Rental,36827367
1201,Constantia,7.0,5.5,,7.0,11.26446410567173,,Rental,36684934
878,Sea Point,1.0,1.0,Ocean View Drive,0.0,9.761347785375005,55.0,Rental,36704192
845,Wynberg,0.5,1.0,Grand Central 227 Main Road,1.0,8.411832675758411,,Rental,36792050
1194,Sea Point,2.0,1.5,239 High-level Road,1.0,10.021270588192513,92.0,Rental,33831877
1082,Kenilworth Upper,2.0,2.0,,1.0,9.711115659888671,110.0,Rental,36673322
1639,Sea Point,0.5,1.0,,1.0,9.392661928770137,,Rental,36714382
974,Three Anchor Bay,1.0,1.0,,1.0,9.433483923290392,31.0,Rental,36734845
1029,Sea Point,3.0,2.0,,1.0,10.915088464214609,127.0,Rental,32752510
613,Mouille Point,2.0,2.0,,2.0,10.292145542327912,101.0,Rental,36739114
435,Mouille Point,2.0,2.0,,2.0,10.839580911706465,154.0,Rental,36804568
574,Camps Bay,5.0,5.5,,3.0,11.77528972943772,386.0,Rental,36673477
1449,Cape Town City Centre,1.0,1.0,1 Hans Strijdom Ave,1.0,9.51044496442652,48.0,Rental,36509011
1314,Observatory,4.0,2.0,22 Scott Rd,0.0,8.45531778769815,222.0,Rental,36048023
112,Rondebosch,3.0,2.0,19 Balintore Road,0.0,9.680344001221918,,Rental,36789982
171,Pinelands,0.5,1.0,"St King's Blockhouse, 1 Spine Boulevard",0.0,8.83927669058535,,Rental,36288842
1612,Oranjezicht,1.0,1.0,,1.0,9.210340371976184,,Rental,36522589
1518,Green Point,2.0,2.0,10 Ravenscraig Street,2.0,10.714417768752456,,Rental,35029704
224,Sea Point,0.5,1.0,,1.0,9.825526011066415,34.0,Rental,35927451
743,Green Point,2.0,2.5,,1.0,10.819778284410283,123.0,Rental,36825726
354,Observatory,3.0,2.0,,1.0,10.043249494911286,91.0,Rental,36786178
838,Clifton,2.0,2.0,,0.0,10.714417768752456,,Rental,36782670
1471,Observatory,1.0,1.0,,1.0,9.852194258148575,50.0,Rental,34282074
1438,Muizenberg,3.0,2.0,258 Main Road,1.0,10.596634733096073,354.0,Rental,36343876
873,Sea Point,2.0,2.0,,1.0,10.431170293368542,,Rental,36700178
439,Green Point,2.0,1.0,,1.0,10.043249494911286,86.0,Rental,36772042
470,Vredehoek,1.0,1.0,,1.0,9.680344001221918,,Rental,36815020
181,Sea Point,1.0,1.0,,1.0,9.87816974455184,50.0,Rental,36818674
395,Pinelands,1.0,1.0,"B216 Pinelands Grove Retirement Village1, 17 Sunrise Road",1.0,9.615805480084347,47.0,Rental,36797399
1574,Cape Town City Centre,0.5,1.0,,0.0,8.948975607841776,,Rental,36083360
569,Gardens,2.0,1.0,,1.0,10.46310334047155,,Rental,36821268
185,Constantia,4.0,3.5,26 Innesfree Road,7.0,11.002099841204238,,Rental,36639967
1218,Oranjezicht,3.0,1.5,,0.0,10.596634733096073,185.0,Rental,36197668
1641,Cape Town City Centre,3.0,3.0,,1.0,10.714417768752456,108.0,Rental,36245483
971,Camps Bay,2.0,2.0,,3.0,10.545341438708522,145.0,Rental,36689894
182,Sea Point,2.0,2.0,,2.0,10.373491181781864,76.0,Rental,36818671
1245,Sea Point,3.0,2.0,Beach Road,2.0,10.4341158035983,127.0,Rental,36176196
1315,Camps Bay,4.0,4.0,,2.0,11.461632170582678,,Rental,36631749
304,Sea Point,2.0,2.0,,1.0,10.221941283654663,81.0,Rental,36794133
605,Oranjezicht,0.5,1.0,,1.0,9.752664662801545,55.0,Rental,36810808
370,Sea Point,1.0,1.0,69a Regent Rd,0.0,10.221941283654663,65.0,Rental,35799111
428,Sea Point,1.0,1.0,The Flamingo 6 Regent Road Sea Point,0.0,9.680344001221918,,Rental,36829157
1052,Claremont,3.0,2.0,36 Keurboom Rd,3.0,10.571316925111784,580.0,Rental,36509982
432,Mouille Point,3.0,4.0,,2.0,11.918390573078392,541.0,Rental,36767338
744,Muizenberg,2.0,1.0,,0.0,8.980927207648378,,Rental,36834277
800,Rondebosch,4.0,3.0,"115, 115 Milner Road",6.0,10.714417768752456,,Rental,36743385
896,Constantia,2.0,1.0,,1.0,9.998797732340453,,Rental,36767911
1146,Sea Point,3.0,2.0,,1.0,10.915088464214609,127.0,Rental,36654803
892,Sea Point,2.0,1.0,,1.0,9.798127036878302,92.0,Rental,36707273
1015,Sea Point,2.0,1.5,,1.0,10.221941283654663,109.0,Rental,36664777
972,Pinelands,4.0,2.0,,3.0,9.740968623038354,700.0,Rental,29873193
1044,Sea Point,2.0,1.0,,1.0,9.798127036878302,92.0,Rental,32162831
1511,Green Point,1.0,1.0,,1.0,9.903487552536127,67.0,Rental,35440325
583,Higgovale,1.0,1.0,6 Trek Road,1.0,9.615805480084347,,Rental,36805429
776,Sea Point,1.0,1.0,18 Barkly,0.0,10.275051108968611,92.0,Rental,35540646
1125,Camps Bay,2.0,2.0,,1.0,10.491274217438248,200.0,Rental,36612651
1564,Observatory,1.0,1.0,,0.0,8.99961934066053,,Rental,36511778
1400,Rondebosch,0.5,1.0,,0.0,9.02401079378469,,Rental,36759631
1286,Observatory,2.0,2.0,,0.0,9.546812608597396,,Rental,36675874
1611,Constantia,3.0,2.5,,6.0,10.596634733096073,,Rental,36360562
426,Bantry Bay,0.5,1.0,,1.0,9.9281801651265,59.0,Rental,35628634
572,Bantry Bay,1.0,2.0,,1.0,10.085809109330082,75.0,Rental,35174462
1587,Higgovale,4.0,3.0,2 Summerseat Close,2.0,10.819778284410283,250.0,Rental,35222270
1317,Cape Town City Centre,1.0,1.0,,1.0,9.798127036878302,68.0,Rental,35694079
564,Gardens,2.0,1.0,,1.0,9.711115659888671,67.0,Rental,36804216
49,Higgovale,2.0,2.0,"2 Eagle's Nest, 155 Kloof Nek Road",2.0,11.082142548877776,190.0,Rental,33028185
39,Claremont Upper,2.0,2.0,25 Protea Rd,2.0,10.16585181700362,110.0,Rental,36789012
328,Sea Point,3.0,1.0,77 Regent Rd,1.0,10.257659366256744,150.0,Rental,36315881
1546,Clifton,4.0,5.0,,2.0,12.323855681186558,,Rental,36368737
1192,Newlands,1.0,1.0,,1.0,9.159047077588632,41.0,Rental,36397396
179,Sea Point,1.0,1.0,21 Tramway Rd,1.0,10.126631103850338,55.0,Rental,36761557
415,Llandudno,1.0,1.0,,1.0,9.740968623038354,,Rental,36830980
1643,Clifton,4.0,3.0,,2.0,12.429216196844385,392.0,Rental,32723638
1336,De Waterkant,2.0,1.0,,0.0,10.203592144986466,,Rental,36699995
1302,Newlands,2.0,1.0,"1275 Berkeley Square, 173 Main Road",1.0,9.472704636443671,,Rental,36614567
1547,Camps Bay,3.0,4.0,,2.0,11.542484267211773,,Rental,36509962
1767,Camps Bay,1.0,1.0,,2.0,9.615805480084347,,Rental,36364549
1563,Rondebosch,3.0,1.0,,0.0,8.612503371220562,,Rental,36118849
5,Green Point,1.0,1.0,3 Thornhill Rd,1.0,9.680344001221918,65.0,Rental,33919497
148,Rondebosch,1.0,1.0,"6 Selborn, 11 Highstead Rd, Rondebosch 7700",0.0,8.83927669058535,20.0,Rental,29288170
947,Vredehoek,2.0,2.0,,2.0,10.584055950889214,98.0,Rental,35759810
1758,Foreshore,1.0,1.0,"217a Vida D'chette, 21 Martin Hammerschlag Way",0.0,8.808369153122275,,Rental,35586452
1077,Foreshore,2.0,2.0,Harbour Arch Boulevard,1.0,10.532096211958502,86.0,Rental,36443335
1288,Gardens,3.0,3.0,15 Orange Street,2.0,11.736069016284436,577.0,Rental,36532670
1165,Sea Point,0.5,1.0,6 Regent Rd,0.0,9.615805480084347,,Rental,36700280
496,Higgovale,3.0,3.0,,2.0,11.082142548877776,,Rental,36765312
765,Rondebosch,2.0,1.0,,0.0,9.64859530290734,,Rental,34939526
652,Pinelands,2.0,1.0,,1.0,9.532423871145296,150.0,Rental,36768304
419,Camps Bay,4.0,2.0,,2.0,11.156250521031495,220.0,Rental,36767961
1410,Camps Bay,2.0,1.0,,1.0,10.545341438708522,90.0,Rental,36200474
424,Sea Point,1.0,1.0,The Flamingo 4th Floor 6 Regent Road Sea Point,0.0,9.615805480084347,,Rental,36829301
822,Sea Point,2.0,2.0,,2.0,10.596634733096073,97.0,Rental,36689830
1100,Constantia,4.0,4.0,,5.0,11.289781913656018,,Rental,33849065
7,Kenilworth Upper,1.0,1.0,Summerley Rd Kenilworth,2.0,9.546812608597396,60.0,Rental,36829302
134,Pinelands,2.0,1.0,Forest Drive Extension,1.0,9.159047077588632,,Rental,36804542
560,Cape Town City Centre,1.0,1.0,,1.0,9.998797732340453,,Rental,36819403
1001,De Waterkant,2.0,2.0,,2.0,10.596634733096073,,Rental,36751775
799,Mouille Point,3.0,4.0,,1.0,11.77528972943772,448.0,Rental,36713762
771,Constantia,4.0,3.5,,3.0,11.002099841204238,,Rental,36766851
909,Newlands,0.5,1.0,,1.0,9.472704636443671,,Rental,36769960
558,Green Point,2.0,1.0,Torbay Rd Green Point,0.0,10.308952660644293,118.0,Rental,35243934
1271,Woodstock,2.0,1.0,,0.0,9.472704636443671,105.0,Rental,31086554
1690,Sea Point,2.0,2.0,,1.0,10.819778284410283,131.0,Rental,35394962
1025,Gardens,3.0,3.5,,2.0,10.915088464214609,309.0,Rental,36627397
789,Camps Bay,2.0,2.5,"3 Dunkeld Village, 16 Willesden Road Road",2.0,11.002099841204238,209.0,Rental,35415205
307,Mouille Point,3.0,2.0,,1.0,11.002099841204238,153.0,Rental,35216870
637,Rondebosch,3.0,1.5,,1.0,9.615805480084347,,Rental,36813597
828,De Waterkant,2.0,2.0,,2.0,10.085809109330082,98.0,Rental,27435192
1728,Three Anchor Bay,2.0,2.0,,1.0,11.289781913656018,98.0,Rental,35315442
703,Fresnaye,4.0,4.5,,3.0,12.206072645530174,646.0,Rental,36763133
87,Clifton,1.0,1.5,51 Victoria Rd,1.0,11.225243392518449,126.0,Rental,36737285
1619,Llandudno,4.0,2.0,,3.0,11.225243392518449,991.0,Rental,36326753
88,Clifton,2.0,2.0,51 Victoria Rd,1.0,10.915088464214609,126.0,Rental,36735324
1454,Cape Town City Centre,0.5,1.0,6 St Georges Mall,0.0,9.35010231435134,31.0,Rental,36073677
287,Green Point,1.0,1.0,,0.0,9.740968623038354,55.0,Rental,36793419
16,Mouille Point,3.0,2.0,93 Beach Road,1.0,11.002099841204238,153.0,Rental,31379643
798,Diep River,1.0,1.0,,1.0,9.07680897935166,,Rental,36777391
1014,Mouille Point,2.0,1.0,,2.0,10.373491181781864,,Rental,36755158
403,Observatory,3.0,4.0,,0.0,9.798127036878302,140.0,Rental,36809511
900,Fresnaye,1.0,1.0,,1.0,9.903487552536127,50.0,Rental,34985445
1183,Llandudno,3.0,1.0,,6.0,11.608235644774552,,Rental,36709440
1578,Sea Point,4.0,4.5,,1.0,11.813030057420567,401.0,Rental,36442152
1045,Oranjezicht,2.0,2.0,,0.0,10.404262840448617,,Rental,36728186
886,Sea Point,2.0,1.0,,1.5,10.23995978915734,105.0,Rental,35133573
1182,Tokai,4.0,4.0,,8.0,11.350406535472452,,Rental,31616654
1673,Diep River,1.0,1.0,"Musgrave Park, 40 Old Kendall Road",1.0,8.699514748210191,,Rental,33328857
659,Cape Town City Centre,3.0,3.0,,2.0,11.002099841204238,180.0,Rental,36728259
833,Sea Point,1.0,1.0,,0.0,10.085809109330082,31.0,Rental,36826011
1072,Constantia,4.0,3.0,,7.0,11.461632170582678,,Rental,36722355
1648,Constantia,7.0,10.0,,3.0,11.982929094215963,,Rental,36257262
846,Gardens,2.0,2.0,,1.0,10.126631103850338,,Rental,36365159
1294,Rondebosch,0.5,1.0,,0.0,9.02401079378469,,Rental,36759574
1786,Diep River,2.0,2.0,21 Annandale Road,1.0,9.680344001221918,,Rental,36825377
369,Camps Bay,2.0,2.0,,2.0,10.23995978915734,149.0,Rental,36786084
694,Gardens,1.0,1.0,5-9 Park Road,1.0,9.740968623038354,70.0,Rental,36804117
478,Tokai,4.0,4.0,13 Beech Road,2.0,11.082142548877776,500.0,Rental,36209390
320,Camps Bay,2.0,1.0,,1.0,10.16585181700362,90.0,Rental,32585577
1617,Tamboerskloof,3.0,4.0,,2.0,11.156250521031495,412.0,Rental,34841769
1121,Newlands,3.0,2.0,,2.0,10.126631103850338,,Rental,36770344
3,Vredehoek,3.0,3.0,"Relax 15 On Chelmsford, 15a Chelmsford Road",2.0,10.596634733096073,200.0,Rental,30332157
8,Sea Point,2.0,2.0,5 Antwerp Rd,2.0,9.903487552536127,100.0,Rental,36827429
487,Sea Point,2.0,1.0,,0.0,10.043249494911286,,Rental,36795433
416,Plumstead,2.0,1.0,,1.0,9.35444071594994,,Rental,36825929
1503,Foreshore,1.0,1.0,"504a Vida D'chette, 21 Martin Hammerschlag Way",0.0,8.955448122347393,,Rental,35577563
1085,De Waterkant,2.0,1.0,,0.0,10.203592144986466,,Rental,36777206
780,Foreshore,1.0,1.0,,1.0,9.615805480084347,45.0,Rental,35698376
959,Sea Point,3.0,2.0,,1.0,10.778956289890028,127.0,Rental,36654833
1356,Kenilworth,2.0,1.0,,2.0,9.392661928770137,120.0,Rental,33269515
292,Woodstock,1.0,1.0,,1.0,9.615805480084347,73.0,Rental,36797461
725,Woodstock,1.0,1.0,85 Albert Road,0.0,9.798127036878302,54.0,Rental,32432004
872,Sea Point,2.0,2.0,,1.0,10.126631103850338,124.0,Rental,36389425
35,Rondebosch,4.0,4.0,34 Avenue De Mist,4.0,10.545341438708522,,Rental,34992733
1529,Mouille Point,2.0,1.0,,0.0,9.903487552536127,,Rental,36458095
1697,Bo Kaap,2.0,2.5,,1.0,10.778956289890028,184.0,Rental,35081693
695,Cape Town City Centre,1.0,1.0,4 Rose Street,0.0,9.581903928408666,33.0,Rental,36575273
707,Newlands,3.0,3.5,,2.0,10.46310334047155,199.0,Rental,36770016
1222,Sea Point,1.0,1.0,The Flamingo 6 Regent Road Sea Point,0.0,9.740968623038354,,Rental,36742311
768,Mouille Point,2.0,2.5,,1.0,10.46310334047155,109.0,Rental,36719454
1539,Camps Bay,4.0,5.0,,4.0,11.608235644774552,,Rental,35739858
1150,Green Point,2.0,2.0,26 Chepstow Road,1.0,10.46310334047155,111.0,Rental,35186790
844,Observatory,1.0,1.0,,1.0,9.433483923290392,33.0,Rental,36695381
469,Mouille Point,2.0,1.0,,1.0,10.308952660644293,78.0,Rental,36801929
1536,Foreshore,2.0,1.0,1 Lower Bree Street,1.0,10.404262840448617,89.0,Rental,35811652
862,Wynberg Upper,5.0,3.0,16 Waterloo Road,9.0,10.545341438708522,650.0,Rental,36667110
349,Observatory,0.5,1.0,,1.0,9.159047077588632,35.0,Rental,36786415
393,Pinelands,1.0,1.0,"Typea Silvermine, 8 Informal Rd",1.0,8.935903526274423,32.0,Rental,35974719
33,Cape Town City Centre,1.0,1.0,3 Socrates Way,1.0,9.998797732340453,53.0,Rental,36800078
444,Sea Point,2.0,2.0,,1.0,10.915088464214609,,Rental,36787035
714,Sea Point,3.0,3.5,,2.0,10.714417768752456,252.0,Rental,36721868
59,Kenilworth,1.0,1.0,"35 St Claire, 143 First Avenue",1.0,9.190137664658664,57.0,Rental,28396257
423,Rondebosch,4.0,3.0,,3.0,11.289781913656018,800.0,Rental,36809491
140,Tamboerskloof,3.0,2.5,,0.0,10.819778284410283,180.0,Rental,36827396
1258,Kenilworth,2.0,1.0,,0.0,9.305650551780507,,Rental,36665409
73,De Waterkant,4.0,4.0,,2.0,10.985292722887856,265.0,Rental,36804533
825,Sea Point,1.0,1.0,13 Olivier Road,0.0,9.546812608597396,88.0,Rental,36599073
289,Muizenberg,1.0,1.0,,1.0,8.85366542803745,40.0,Rental,36787710
159,Wynberg Upper,2.0,1.0,,2.0,9.433483923290392,85.0,Rental,36822738
1070,Rondebosch,1.0,1.0,,1.0,8.794824928014517,40.0,Rental,36831432
1206,Camps Bay,3.0,4.0,,2.0,11.542484267211773,,Rental,36700343
96,Cape Town City Centre,1.0,1.0,1 Dockrail Road,1.0,9.798127036878302,64.0,Rental,36748179
795,Kenilworth,2.0,1.0,,1.0,9.405084448768694,,Rental,36822702
57,Wynberg,2.0,1.0,144 Sussex Rd,1.0,9.159047077588632,60.0,Rental,33301906
1231,Pinelands,5.0,4.0,,13.0,10.736396675471232,,Rental,36568471
1062,Rondebosch,1.0,1.0,,0.0,9.392661928770137,,Rental,36777305
1310,Clifton,2.0,2.0,20 Victoria Road,1.0,11.461632170582678,,Rental,32001916
1331,Claremont Upper,1.0,1.0,25 Protea Road,1.0,9.84161214881804,60.0,Rental,35073565
618,Oranjezicht,1.0,1.0,,0.0,9.615805480084347,55.0,Rental,36738857
834,Cape Town City Centre,1.0,1.0,"17 Loop Street, Cape Town City Centre, Cape Town, 8000",1.0,10.126631103850338,,Rental,36655200
1495,Diep River,1.0,1.0,,0.0,8.612503371220562,,Rental,33824563
790,Plumstead,3.0,2.0,,6.0,10.184900011974314,669.0,Rental,36745790
81,Sea Point,2.0,2.0,"238 Beach Road, Sea Point",0.0,10.308952660644293,,Rental,36817321
123,Foreshore,1.0,1.0,Harbour Arch Boulevard,1.0,9.615805480084347,41.0,Rental,36728669
721,Oranjezicht,2.0,1.0,,2.0,9.903487552536127,80.0,Rental,36705664
257,Bantry Bay,2.0,2.0,,2.0,10.46310334047155,138.0,Rental,36805990
377,Sea Point,3.0,3.0,,2.0,11.225243392518449,128.0,Rental,36820966
474,Rondebosch,1.0,1.0,,0.0,9.392661928770137,,Rental,36819004
700,Sea Point,0.5,1.0,,1.0,9.680344001221918,44.0,Rental,36810308
1267,Fresnaye,2.0,2.5,,1.0,10.933106969717286,324.0,Rental,36582909
783,Pinelands,3.0,1.5,14 Hill Rise Road,8.0,10.308952660644293,,Rental,36706772
240,Foreshore,1.0,1.0,,1.0,9.711115659888671,51.0,Rental,36779015
144,Woodstock,1.0,1.0,,1.0,9.581903928408666,70.0,Rental,36825403
1709,Kenilworth Upper,2.0,1.0,356 Main Road,1.0,9.903487552536127,82.0,Rental,35800268
936,Bo Kaap,2.0,2.0,,1.0,10.308952660644293,80.0,Rental,36683341
272,Green Point,3.0,1.0,,0.0,9.998797732340453,100.0,Rental,36830537
1348,Camps Bay,3.0,2.0,,2.0,11.225243392518449,349.0,Rental,36556793
1270,Cape Town City Centre,2.0,2.0,Corner Of Wale and Burg Street,1.0,10.308952660644293,105.0,Rental,36241491
737,Bo Kaap,2.0,2.0,,0.0,9.825526011066415,,Rental,36834654
1135,Plumstead,3.0,3.0,33b Honiton Road,2.0,9.95227771670556,300.0,Rental,36492671
911,Mouille Point,3.0,5.0,,2.0,11.918390573078392,634.0,Rental,36712904
961,Woodstock,1.0,1.0,Wex1 85 Albert Street Woodstock,1.0,9.525151111816216,,Rental,36794742
769,Pinelands,1.0,1.0,,0.0,9.035986984831403,66.0,Rental,36803694
241,Vredehoek,2.0,2.0,"11 Ben Avenue, High Cape Two",1.0,9.998797732340453,80.0,Rental,36830491
180,Claremont Upper,2.0,1.0,,1.0,9.546812608597396,70.0,Rental,36813628
1230,Gardens,4.0,3.0,,2.0,10.819778284410283,869.0,Rental,36632074
109,Sea Point,0.5,1.0,4 Frere Rd,0.0,9.798127036878302,34.0,Rental,36773602
1243,Cape Town City Centre,1.0,1.0,,0.0,9.615805480084347,,Rental,36738882
731,Newlands,1.0,1.0,,1.0,9.536040511615484,,Rental,36786865
1023,Sea Point,1.0,1.0,,1.0,10.308952660644293,,Rental,36779232
643,Pinelands,3.0,1.0,Howard Hamlet,2.0,9.723163998404846,67.0,Rental,36566553
218,Sea Point,1.0,1.0,,0.0,9.67721410821299,63.0,Rental,36808114
337,Observatory,2.0,2.0,3a Howe Street,1.0,9.615805480084347,59.0,Rental,34884136
412,Sea Point,2.0,2.0,81 Regent Road,1.0,10.126631103850338,101.0,Rental,35021820
1692,Kenilworth Upper,6.0,6.0,,9.0,11.407564949312402,,Rental,36163544
1175,Oranjezicht,3.0,2.0,,2.0,10.6689553946757,750.0,Rental,28827910
442,Green Point,3.0,1.0,,0.0,9.998797732340453,110.0,Rental,36811690
129,Gardens,2.0,1.0,,1.0,9.711115659888671,83.0,Rental,35322111
775,Rondebosch,0.5,1.0,,0.0,9.433483923290392,,Rental,36734298
1026,Cape Town City Centre,1.0,2.0,,1.0,9.903487552536127,61.0,Rental,36628706
1265,Sea Point,1.0,1.0,239 Beach Road,1.0,10.021270588192513,76.0,Rental,36529564
1185,Sea Point,4.0,3.0,,2.0,11.002099841204238,225.0,Rental,36671969
1083,Bo Kaap,2.0,1.0,58 Leeuwen Street,1.0,9.64859530290734,85.0,Rental,29678720
891,Fresnaye,3.0,2.0,,0.0,10.915088464214609,476.0,Rental,36737368
1593,Muizenberg,1.0,1.0,,1.0,8.612503371220562,219.0,Rental,36476473
406,Clifton,4.0,3.5,280 Kloof Road,2.0,11.736069016284436,250.0,Rental,36351808
1430,Three Anchor Bay,3.0,3.0,5 Stone Road,0.0,10.46310334047155,,Rental,36610798
513,Mouille Point,3.0,5.0,,2.0,11.918390573078392,541.0,Rental,36835274
318,Kenilworth,2.0,1.0,,1.0,9.680344001221918,81.0,Rental,36792042
1439,Claremont Upper,1.0,1.0,25 Protea Road,1.0,9.680344001221918,60.0,Rental,36488689
1155,Gardens,1.0,1.0,3 Derwent Road,1.0,9.798127036878302,,Rental,36538983
409,Muizenberg,3.0,3.0,10 Maynard Road,1.0,9.711115659888671,114.0,Rental,36778981
1219,Gardens,1.0,1.0,,0.0,9.491752831414368,56.0,Rental,33569791
1427,Tamboerskloof,3.0,2.0,,1.0,11.225243392518449,,Rental,36576959
339,Green Point,4.0,5.0,,2.0,11.77528972943772,300.0,Rental,36742229
1590,Sea Point,1.0,1.0,Kei Apple Grove,1.0,10.778956289890028,57.0,Rental,35909596
1167,Woodstock,0.5,1.0,,1.0,9.472704636443671,,Rental,36696349
95,Sea Point,2.0,2.0,259 On Beach Road,1.0,10.46310334047155,105.0,Rental,36771043
125,Sea Point,2.0,1.0,28 Glengariff Rd,1.0,10.126631103850338,,Rental,36764288
1534,Llandudno,2.0,1.0,,3.0,10.596634733096073,,Rental,35618735
42,Kenilworth,4.0,2.0,3 Myrtle Rd,2.0,8.748304912379623,120.0,Rental,33464782
1204,Fresnaye,2.0,2.0,,2.0,10.714417768752456,138.0,Rental,36665641
598,Waterfront,1.0,1.0,,0.0,9.775654181026242,52.0,Rental,33151808
595,Clifton,2.0,2.0,,2.0,11.350406535472452,133.0,Rental,36786886
1309,Claremont,2.0,1.5,,1.0,9.392661928770137,83.0,Rental,35535839
1316,Rondebosch,1.0,1.0,,0.0,8.92665032079394,,Rental,36759228
1717,Observatory,3.0,2.0,609 Madison 6 Trill Road,1.0,10.09203965908072,90.0,Rental,33535677
104,Diep River,2.0,2.0,21 Annandale Road,1.0,9.680344001221918,,Rental,36824743
113,Green Point,1.0,1.0,37 Main Road,1.0,9.998797732340453,,Rental,36793281
850,Waterfront,2.0,2.0,,2.0,11.320553572322773,95.0,Rental,35559037
111,Plumstead,2.0,1.0,"16 Manyways, 77 Doordrift Road",1.0,9.546812608597396,87.0,Rental,36814229
609,Sea Point,2.0,1.0,,2.0,10.203592144986466,94.0,Rental,36744712
1010,Cape Town City Centre,1.0,1.0,"Neighbourgood East City, 60 Corporation St, Cape Town",0.0,9.615805480084347,,Rental,36630824
1160,Three Anchor Bay,2.0,1.5,,0.0,10.819778284410283,,Rental,36689850
577,Clifton,2.0,2.0,52 Victoria Rd,2.0,11.461632170582678,,Rental,36080301
1426,Cape Town City Centre,2.0,2.0,,1.0,10.713306039899766,,Rental,35234872
1391,Sea Point,2.0,2.0,,1.0,10.308952660644293,120.0,Rental,36473597
533,Cape Town City Centre,2.0,2.0,,1.0,10.6689553946757,123.0,Rental,36755002
1530,Cape Town City Centre,2.0,1.0,Manhatten Place 130 Bree Street Cape Town,1.0,10.596634733096073,,Rental,36450497
1645,Foreshore,0.5,1.0,,1.0,9.472704636443671,,Rental,36422858
1157,Plumstead,1.0,1.0,,1.0,8.968268810776454,,Rental,36797053
138,Mouille Point,1.0,1.0,,1.0,9.735068900911164,71.0,Rental,36832552
815,Cape Town City Centre,1.0,1.0,,0.0,9.472704636443671,65.0,Rental,36699295
1555,Camps Bay,4.0,4.0,,4.0,11.350406535472452,,Rental,34246783
953,Sea Point,2.0,2.0,,1.0,10.388995368317827,,Rental,35930903
83,Observatory,1.0,1.0,,1.0,9.35010231435134,41.0,Rental,36799573
378,Gardens,2.0,3.0,20 Wembley Rd,4.0,10.596634733096073,300.0,Rental,36777692
1263,Cape Town City Centre,0.5,1.0,,0.0,9.667765219015058,30.0,Rental,36546482
321,Sea Point,2.0,2.0,,1.0,10.043249494911286,92.0,Rental,36782764
303,Foreshore,1.0,1.0,Harbour Arch Boulevard,1.0,9.798127036878302,51.0,Rental,36796300
192,Sea Point,1.0,1.5,,1.0,10.16585181700362,49.0,Rental,35155720
1738,Fresnaye,5.0,4.0,,2.0,11.695247021764184,,Rental,35838239
492,Observatory,1.0,1.0,3a Howe Street,2.0,9.472704636443671,65.0,Rental,30940627
157,Mouille Point,3.0,3.5,,2.0,11.082142548877776,270.0,Rental,36832448
1266,Fresnaye,4.0,5.0,,2.0,11.512925464970229,,Rental,36657809
340,Clifton,2.0,2.0,,2.0,11.350406535472452,133.0,Rental,36784752
1695,Cape Town City Centre,2.0,2.0,,0.0,9.903487552536127,,Rental,36179005
12,Vredehoek,2.0,2.0,Everest Cl Devil's Peak Estate,1.0,10.126631103850338,70.0,Rental,36824495
600,Cape Town City Centre,0.5,1.0,,1.0,9.581903928408666,,Rental,36811174
348,Wynberg Upper,2.0,1.0,19 Sherard Square,1.0,9.305650551780507,91.0,Rental,36651554
792,Muizenberg,2.0,2.0,,1.0,9.903487552536127,,Rental,36776847
514,Cape Town City Centre,2.0,2.0,6 Pepper Street,2.0,9.9281801651265,132.0,Rental,36628433
982,Kenilworth,1.0,1.0,,0.0,9.011889433252344,42.0,Rental,36823216
1421,Camps Bay,5.0,5.0,,1.0,11.350406535472452,,Rental,36575645
749,Mouille Point,1.0,1.0,"1943, Beach Road",1.0,11.156250521031495,,Rental,34695573
612,Woodstock,1.0,1.0,Woodstock Quarter 187 Sir Lowry Road,1.0,9.259130536145614,,Rental,36829578
1624,Green Point,2.0,1.0,,1.0,10.126631103850338,,Rental,36335171
191,Observatory,1.0,1.0,2 Irwell Street,0.0,9.137769679141348,40.0,Rental,35452518
678,Green Point,2.0,1.0,,1.0,10.06475570013225,81.0,Rental,36731699
1631,Sea Point,2.0,2.0,,2.0,9.903487552536127,,Rental,33804895
729,Claremont,2.0,1.5,"413 Lynwood Gardens, 21 Pintree Avenue",1.0,9.546812608597396,83.0,Rental,36634342
232,Vredehoek,2.5,1.0,,3.0,10.46310334047155,108.0,Rental,36807329
1699,Sea Point,2.0,2.0,,1.0,10.819778284410283,131.0,Rental,33721088
1251,Claremont,3.0,2.0,,1.0,10.085809109330082,,Rental,36661128
916,Sea Point,2.0,1.0,"2 Bellair, 2 Firmount Road",1.0,10.06475570013225,70.0,Rental,36366686
1776,Green Point,1.0,1.0,,0.0,10.23995978915734,,Rental,35437275
10,Cape Town City Centre,1.0,1.0,220 Loop St,1.0,9.898475010712584,60.0,Rental,36818262
1003,Gardens,2.0,1.0,,1.0,9.87816974455184,,Rental,36752458
1326,Foreshore,1.0,1.0,,0.0,9.667765219015058,,Rental,36651494
472,Fresnaye,3.0,3.5,,2.0,11.289781913656018,,Rental,36818513
436,Camps Bay,1.0,1.0,15 Totnes Road,1.0,9.769956159911606,64.0,Rental,35132836
1324,Camps Bay,4.0,3.0,,2.0,11.127262984158245,,Rental,35449453
1377,Bo Kaap,2.0,2.5,,2.0,10.657259354912508,184.0,Rental,36576011
351,Sea Point,2.0,2.0,,1.0,10.126631103850338,101.0,Rental,36786914
1371,Sea Point,1.0,1.0,,1.0,10.308952660644293,37.0,Rental,36584271
491,Sea Point,3.0,1.0,,1.0,10.275051108968611,150.0,Rental,36767834
1215,Camps Bay,4.0,2.0,8 Woodhead Close Townhouse 4 Camps Bay,2.0,10.819778284410283,,Rental,36674463
1679,Cape Town City Centre,1.0,1.0,,1.0,9.51044496442652,28.0,Rental,36393094
1305,Green Point,1.0,1.0,,0.0,10.021270588192513,,Rental,36698740
709,Sea Point,2.0,1.0,,1.0,9.998797732340453,,Rental,36799692
1632,Cape Town City Centre,2.0,2.0,THE Icon Cape Town,1.0,10.558413520275876,,Rental,36647649
1749,Observatory,4.0,1.0,297 Lower Main Road,0.0,8.612503371220562,,Rental,34178960
1259,Green Point,2.0,2.0,,0.0,10.085809109330082,186.0,Rental,36607384
1769,Constantia,2.0,1.0,4 Welbeloond Road,2.0,10.596634733096073,,Rental,33172437
587,Cape Town City Centre,1.0,1.0,"1608 Pepperclub, 1 Corner Of Loop St and Pepper St",1.0,9.740968623038354,,Rental,33472174
717,Sea Point,2.0,2.0,,1.0,10.532096211958502,,Rental,36782131
1145,Three Anchor Bay,0.5,1.0,207 Main Road,0.0,9.472704636443671,30.0,Rental,33978965
306,Green Point,1.0,1.0,3 Romney Rd,0.0,9.893437216682626,,Rental,35275143
308,Vredehoek,0.5,1.0,,1.0,9.305650551780507,42.0,Rental,31682633
1781,Wynberg,1.0,1.0,,1.0,8.517193191416238,,Rental,36245762
288,Vredehoek,0.5,1.0,,1.0,9.392661928770137,40.0,Rental,33738596
106,Foreshore,2.0,2.0,11 Christaan Barnard,1.0,10.308952660644293,73.0,Rental,35904010
197,Sea Point,2.0,2.0,,1.0,10.46310334047155,69.0,Rental,35380381
931,Cape Town City Centre,2.0,2.0,147 Spin Street,0.0,10.126631103850338,135.0,Rental,36495777
898,Mouille Point,1.0,2.0,,1.0,10.126631103850338,101.0,Rental,36713245
1350,Fresnaye,4.0,3.0,,3.0,11.407564949312402,301.0,Rental,36510062
1127,Three Anchor Bay,2.0,1.0,Horizons 6 Three Anchor Bay Road Three Anchor Bay,1.0,9.852194258148575,72.0,Rental,36752342
176,Mouille Point,2.0,2.0,"1 Pont Du Gard, 35 Beach Road",1.0,10.275051108968611,103.0,Rental,36814619
1228,Sea Point,3.0,2.0,,1.0,10.596634733096073,110.0,Rental,34080329
537,Sea Point,0.5,1.0,,0.0,9.825526011066415,36.0,Rental,36779556
1375,Gardens,3.0,3.5,,2.0,11.736069016284436,,Rental,36606999
687,Sea Point,2.0,2.0,,0.0,9.849559210510572,82.0,Rental,36768230
1379,Sea Point,3.0,2.0,,2.0,10.915088464214609,184.0,Rental,35211444
683,Cape Town City Centre,1.0,1.0,,0.0,9.711115659888671,48.0,Rental,36724701
1223,De Waterkant,1.0,1.5,23 Loader Street,2.0,10.596634733096073,175.0,Rental,36493778
460,Fresnaye,2.0,2.5,,3.0,11.082142548877776,161.0,Rental,36765257
509,Green Point,1.0,1.0,137 Main Road,1.0,9.87816974455184,,Rental,34276260
0,Sea Point,4.0,4.0,,1.0,10.596634733096073,126.0,Rental,36791656
476,Sea Point,3.0,2.0,,1.0,10.657259354912508,,Rental,36828062
1669,Cape Town City Centre,3.0,3.5,,2.0,11.350406535472452,,Rental,36287427
633,Claremont,4.0,2.0,,0.0,10.021270588192513,,Rental,36795984
1499,Sea Point,2.0,2.0,,0.0,9.740968623038354,,Rental,36591068
1217,Sea Point,1.0,1.5,,1.0,9.998797732340453,88.0,Rental,36594590
1210,Observatory,2.0,2.0,,2.0,9.740968623038354,73.0,Rental,36575075
1179,Green Point,2.0,2.0,,0.0,10.06475570013225,98.0,Rental,36597452
1097,Plumstead,3.0,2.0,,2.0,9.998797732340453,,Rental,36709397
225,Cape Town City Centre,1.0,1.0,,0.0,9.132378830506472,30.0,Rental,36815041
602,Observatory,2.0,1.5,,0.0,9.615805480084347,125.0,Rental,33643764
165,Sea Point,1.0,1.0,4 St. Andrews Road,0.0,9.64859530290734,55.0,Rental,36823685
1577,Foreshore,1.0,1.0,,1.0,9.740968623038354,50.0,Rental,36270050
715,Rondebosch,2.0,2.0,,1.0,9.680344001221918,,Rental,36814160
120,Green Point,2.0,2.0,"28 Chepstow Road, Green Point",0.0,9.95227771670556,72.0,Rental,32824459
1703,Sea Point,2.0,2.0,,1.0,11.350406535472452,125.0,Rental,36136666
238,Camps Bay,2.0,2.0,,1.0,10.308952660644293,90.0,Rental,36813995
1032,Cape Town City Centre,1.0,1.0,,1.0,9.433483923290392,50.0,Rental,36538287
545,Gardens,3.0,2.0,,0.0,10.778956289890028,,Rental,36770203
342,Sea Point,0.5,1.0,"19 Kloof Road, Sea Point , Cape Town",0.0,10.06475570013225,31.0,Rental,35444187
92,Sea Point,1.0,2.0,275 Beach Rd,1.0,10.46310334047155,,Rental,36804133
173,Green Point,2.0,2.0,65 Main Rd,2.0,10.085809109330082,105.0,Rental,36702065
404,Observatory,1.0,1.0,,0.0,9.305650551780507,106.0,Rental,36824024
1711,Clifton,2.0,2.0,,3.0,11.512925464970229,170.0,Rental,33242463
433,Camps Bay,1.0,1.0,,1.0,10.308952660644293,,Rental,36827052
1722,Llandudno,8.0,8.0,,2.0,12.013700752882718,,Rental,33656435
1239,Camps Bay,4.0,3.0,5 Atholl Road,1.0,12.128111104060462,,Rental,36713131
676,Sea Point,2.0,1.5,2 Holmfirth Rd,1.0,10.126631103850338,104.0,Rental,32601971
1040,Fresnaye,2.0,2.0,,1.0,10.584055950889214,129.0,Rental,36531491
480,Sea Point,2.0,2.0,,2.0,9.903487552536127,85.0,Rental,36792179
668,Sea Point,2.0,2.0,,2.0,10.532096211958502,84.0,Rental,36804029
1644,Newlands,1.0,1.0,10 Hemlock Rd,1.0,9.798127036878302,,Rental,35422397
447,Tamboerskloof,2.0,1.0,"Union Street, Gardens, Cape Town",1.0,9.769956159911606,87.0,Rental,35422415
555,Foreshore,3.0,2.0,Hans Strydom Avenue,2.0,10.714417768752456,202.0,Rental,36809076
217,Mouille Point,4.0,4.0,,2.0,11.652687407345388,268.0,Rental,36811119
36,Kenilworth,2.0,1.0,318 Main Road,0.0,9.546812608597396,84.0,Rental,36826635
697,Cape Town City Centre,1.0,1.0,,1.0,9.798127036878302,65.0,Rental,36741420
255,Tamboerskloof,3.0,2.0,39a Burnside Road,2.0,10.545341438708522,363.0,Rental,35544809
996,De Waterkant,2.0,1.0,The Signature 4 Liddle Street De Waterkant,1.0,10.596634733096073,,Rental,36782978
1220,Llandudno,4.0,2.5,,3.0,11.350406535472452,993.0,Rental,36657846
222,Green Point,2.0,1.0,,2.0,9.998797732340453,82.0,Rental,36812905
1113,Sea Point,1.0,1.0,,1.0,9.825526011066415,,Rental,36770154
876,Sea Point,4.0,5.0,,2.0,11.77528972943772,300.0,Rental,36729470
227,Camps Bay,1.0,1.0,,0.0,9.615805480084347,50.0,Rental,36160090
699,Sea Point,3.0,2.0,3 St. Johns Road Sea Point,1.0,10.657259354912508,325.0,Rental,36769842
1416,Cape Town City Centre,3.0,3.5,,2.0,11.695247021764184,577.0,Rental,36344131
1319,De Waterkant,1.0,1.0,The Signature 4 Liddle Street De Waterkant,1.0,10.308952660644293,,Rental,36643764
660,Gardens,2.0,1.0,,1.0,9.998797732340453,90.0,Rental,36711439
99,Cape Town City Centre,2.0,2.0,8 Buiten St,1.0,9.95227771670556,84.0,Rental,36809483
1460,Camps Bay,4.0,4.0,,6.0,11.156250521031495,485.0,Rental,36374202
785,Constantia,6.0,6.5,,7.0,11.77528972943772,,Rental,36729196
882,Sea Point,3.0,3.0,,2.0,11.225243392518449,196.0,Rental,36685974
317,Bo Kaap,2.0,2.5,35 Rose St,3.0,10.388995368317827,240.0,Rental,36656931
985,Claremont,3.0,2.0,,1.0,9.769956159911606,,Rental,33859822
291,Green Point,3.0,3.0,87 High Level Rd,3.0,10.714417768752456,300.0,Rental,30266654
215,Sea Point,3.0,2.0,,1.0,10.757902880692196,325.0,Rental,36815781
175,Gardens,1.0,1.0,,1.0,9.798127036878302,46.0,Rental,36821258
1445,Pinelands,2.0,1.0,"313 Kings Block House, 1 Camissa",1.0,9.615805480084347,57.0,Rental,36613005
1193,Sea Point,2.0,2.5,,1.0,10.933106969717286,324.0,Rental,36675000
1435,Foreshore,1.0,1.0,"1408, 27 St Georges Mall Street",0.0,9.546812608597396,34.0,Rental,36648868
244,Rondebosch,1.0,1.0,6 Wiersma Road,1.0,8.809862805379057,,Rental,34691318
52,Sea Point,0.5,1.0,6 Norfolk Rd,0.0,9.472704636443671,24.0,Rental,35265318
930,Bantry Bay,1.0,1.0,,1.0,10.46310334047155,,Rental,36777234
142,Newlands,1.0,1.0,,1.0,9.711115659888671,84.0,Rental,35105438
1342,Kenilworth,1.0,1.0,10 Twilley St,1.0,8.974618038455112,48.0,Rental,31622181
761,Mouille Point,3.0,3.5,,2.0,11.77528972943772,302.0,Rental,36721900
1019,Cape Town City Centre,1.0,1.0,50 Buitekant Street,0.0,9.305650551780507,,Rental,36734120
1480,Cape Town City Centre,1.0,1.0,,1.0,9.825526011066415,,Rental,31677697
1693,Sea Point,3.0,3.0,,2.0,11.461632170582678,380.0,Rental,33804151
649,Cape Town City Centre,1.0,1.0,,1.0,9.64859530290734,,Rental,36803572
622,Sea Point,1.0,1.0,,0.0,10.126631103850338,,Rental,35314071
31,Sea Point,1.0,1.0,23 Arthurs Rd,1.0,9.798127036878302,57.0,Rental,33600249
1034,Bantry Bay,1.0,1.0,15 Avenue Alexandra Road Bantry Bay,1.0,9.798127036878302,,Rental,36748191
1559,Camps Bay,3.0,3.0,,2.0,11.542484267211773,456.0,Rental,25631947
1380,Tamboerskloof,2.0,1.0,,1.0,10.021270588192513,,Rental,36588266
1476,Oranjezicht,2.0,2.5,,1.0,9.903487552536127,146.0,Rental,32886179
483,Oranjezicht,1.0,1.0,,1.0,9.532423871145296,68.0,Rental,36761079
1321,Mouille Point,1.0,1.0,37 Beach Road,1.0,9.711115659888671,43.0,Rental,33800383
1541,Wynberg,1.0,1.0,,1.0,8.294049640102028,,Rental,36647846
504,De Waterkant,2.0,2.0,,1.0,10.106428396532818,87.0,Rental,36756402
987,Claremont,2.0,1.0,,1.0,9.546812608597396,83.0,Rental,36556743
967,Constantia,13.0,13.0,,20.0,12.542544882151386,,Rental,36706026
606,Green Point,2.0,2.0,,2.0,10.714417768752456,132.0,Rental,36800047
358,Mouille Point,2.0,2.0,129 Beach Road,2.0,10.839580911706465,154.0,Rental,36082796
1191,Vredehoek,0.5,1.0,,0.0,9.35010231435134,40.0,Rental,36584191
315,Sea Point,2.0,1.0,281/283,1.0,10.021270588192513,,Rental,36804553
592,Tokai,1.0,1.0,,0.0,9.39182824802156,,Rental,36807158
523,Foreshore,1.0,1.0,Harbour Arch Boulevard,1.0,9.769956159911606,51.0,Rental,36605972
1166,Sea Point,3.0,3.5,2 Chatsworth 67 Regent Road Sea Point,2.0,10.714417768752456,249.0,Rental,36598896
230,Fresnaye,2.0,2.0,,2.0,10.596634733096073,126.0,Rental,36822005
23,Vredehoek,1.0,1.0,19 Chelmsford Rd,0.0,9.581903928408666,50.0,Rental,34280272
1537,Muizenberg,3.0,2.0,Scarborough Road,2.0,10.126631103850338,,Rental,36481168
1107,Mouille Point,3.0,2.0,,1.0,11.002099841204238,153.0,Rental,36661697
1285,Constantia,4.0,3.0,,2.0,11.461632170582678,,Rental,36715849
1616,Rondebosch,2.0,1.0,8 Forrest Road,1.0,9.51044496442652,,Rental,36512544
796,Camps Bay,1.0,1.0,,0.0,9.798127036878302,26.0,Rental,36633459
82,Tokai,1.0,1.0,Zwaanswyk Rd Steenberg Estate,0.0,9.615805480084347,70.0,Rental,36815138
368,Mouille Point,2.0,2.0,,1.0,10.839580911706465,154.0,Rental,36804070
1658,Fresnaye,3.0,3.5,,3.0,11.918390573078392,420.0,Rental,35871182
375,Pinelands,1.0,1.0,,2.0,8.85366542803745,80.0,Rental,32497437
1672,Newlands,4.0,4.0,,4.0,10.819778284410283,,Rental,36171711
935,Green Point,3.0,3.5,,2.0,10.778956289890028,,Rental,33716114
485,Green Point,0.5,1.0,,1.0,9.680344001221918,,Rental,36819911
1623,Cape Town City Centre,0.5,1.0,6 St Georges Mall,1.0,9.35010231435134,31.0,Rental,35428338
45,De Waterkant,1.0,1.0,117 Strand Street,1.0,9.825526011066415,58.0,Rental,31107624
988,Camps Bay,5.0,4.0,123 Victoria Road,2.0,11.350406535472452,250.0,Rental,36574699
1291,Diep River,1.0,1.0,,1.0,8.987196820661973,,Rental,36793285
1362,Cape Town City Centre,1.0,1.0,,0.0,8.45531778769815,,Rental,34401846
1128,Observatory,5.0,3.0,10 Bellevliet Rd,0.0,8.85366542803745,150.0,Rental,34894904
1211,Waterfront,2.0,2.0,"11 South Arm Rd, Victoria & Alfred Waterfront, Cape Town",2.0,10.858998997563564,91.0,Rental,36322091
739,Cape Town City Centre,0.5,1.0,,1.0,9.433483923290392,,Rental,36832389
1390,Camps Bay,2.0,2.0,,1.0,10.126631103850338,,Rental,36734897
926,Camps Bay,2.0,2.0,,0.0,11.512925464970229,342.0,Rental,36741636
992,Kenilworth,2.0,2.0,,2.0,9.532423871145296,,Rental,36736603
253,Sea Point,2.0,2.0,,2.0,10.126631103850338,130.0,Rental,35163640
608,Fresnaye,2.0,2.0,,4.0,10.596634733096073,138.0,Rental,36777960
521,Gardens,1.0,1.0,,1.0,10.126631103850338,71.0,Rental,30728040
904,Kenilworth,2.0,1.0,5 Basset Road Kenilworth,1.0,9.64859530290734,,Rental,36493993
1021,Kenilworth,2.0,1.0,,1.0,9.392661928770137,,Rental,36818971
1734,Rondebosch,2.0,1.0,,1.0,9.433483923290392,,Rental,36124080
980,Sea Point,1.0,1.0,,1.0,9.581903928408666,47.0,Rental,36792752
552,Sea Point,2.0,1.5,,1.0,10.203592144986466,94.0,Rental,36751501
495,Sea Point,2.0,2.0,,1.0,10.257659366256744,,Rental,36823142
543,Gardens,1.0,1.0,,1.0,9.798127036878302,40.0,Rental,36753535
100,Cape Town City Centre,2.0,2.0,57 Church Street,1.0,10.16585181700362,111.0,Rental,36754592
1653,Sea Point,2.0,2.0,,1.0,10.915088464214609,150.0,Rental,32474396
1367,Gardens,2.0,1.0,,1.0,9.588776807696428,,Rental,36676203
677,Newlands,4.0,2.0,,3.0,10.87804719253426,778.0,Rental,36809013
1264,Oranjezicht,4.0,3.0,,2.0,11.695247021764184,507.0,Rental,36610428
827,Camps Bay,3.0,2.0,4 Woodford Ave,2.0,10.388995368317827,160.0,Rental,32064370
151,Plumstead,3.0,3.0,,3.0,9.87816974455184,257.0,Rental,36820592
550,Cape Town City Centre,1.0,1.0,,0.0,9.825526011066415,55.0,Rental,36778828
806,Sea Point,2.0,1.0,,1.0,9.903487552536127,83.0,Rental,36700330
809,Gardens,0.5,1.0,80 Queen Victoria,0.0,9.615805480084347,,Rental,36782674
1313,Observatory,2.0,1.0,,1.0,9.546812608597396,,Rental,36633617
119,Green Point,2.0,2.0,19 Clydebank Road,0.0,10.4341158035983,,Rental,36825527
1300,Sea Point,2.0,1.0,,1.0,10.46310334047155,,Rental,35392130
1687,Foreshore,0.5,1.0,"1001 The Rockefeller, 6 Martin Hammerschlag",0.0,9.20532783015264,25.0,Rental,33604813
1012,Sea Point,2.0,1.0,,1.0,10.021270588192513,78.0,Rental,36663022
674,Sea Point,3.0,2.0,,1.0,10.657259354912508,,Rental,36789852
1378,Green Point,1.0,1.0,,1.0,9.903487552536127,67.0,Rental,32564122
1386,Foreshore,1.0,1.0,Canal Quays 1 Cast Anchor Way,1.0,9.885832617297408,101.0,Rental,34962728
1382,Camps Bay,3.0,2.0,,1.0,10.16585181700362,83.0,Rental,36451544
14,Sea Point,3.0,2.0,"269 Beach Road, Cape Town, South Africa",1.0,10.221941283654663,120.0,Rental,28331110
524,Tokai,2.0,1.0,,2.0,10.558413520275876,991.0,Rental,31176374
1180,Oranjezicht,1.0,1.0,,0.0,9.51044496442652,,Rental,36773440
747,Vredehoek,2.0,2.0,,2.0,10.292145542327912,82.0,Rental,35799332
53,Vredehoek,4.0,3.0,,2.0,10.87804719253426,267.0,Rental,36820939
220,Sea Point,3.0,2.0,191 Beach Rd,2.0,10.819778284410283,187.0,Rental,36058833
549,Clifton,1.0,2.0,"5a Heron Water, 64 Victoria Road",0.0,10.596634733096073,71.0,Rental,36772829
772,Green Point,1.0,1.0,47 Main Rd,1.0,10.257659366256744,62.0,Rental,35327979
1115,Sea Point,2.0,2.0,,1.0,10.203592144986466,,Rental,36721276
361,Muizenberg,1.0,1.0,"2 Royal Road, Muizenberg",0.0,9.35010231435134,70.0,Rental,36779358
1424,Cape Town City Centre,1.0,1.0,"57 Heerengracht St, Cape Town City Centre, Cape Town, 8001",2.0,9.615805480084347,40.0,Rental,34158957
565,Fresnaye,4.0,4.0,,2.0,11.407564949312402,633.0,Rental,36786009
928,Kenilworth,2.0,1.0,20 Puntars Way,1.0,9.615805480084347,190.0,Rental,36666037
735,Wynberg,1.0,1.0,227 Milner Rd,1.0,9.104979856318357,,Rental,36602685
1654,Foreshore,0.5,1.0,"818 The Rockefeller, 12 Christiaan Barnard Street,",0.0,9.35444071594994,30.0,Rental,35207350
903,Gardens,1.0,1.0,93 Kloof Nek Road,1.0,9.95227771670556,,Rental,35372038
927,Camps Bay,3.0,1.0,"A2 Silvertree Place,30 Ravensteyn Road",2.0,10.645424897265505,400.0,Rental,36613130
1545,Newlands,1.0,1.0,"10 Hemlock Road, 10 Hemlock Road",1.0,9.923290179832309,40.0,Rental,35691925
1726,Bantry Bay,4.0,5.0,,4.0,11.918390573078392,754.0,Rental,34057432
211,Clifton,3.0,3.0,49 Victoria Rd,1.0,11.127262984158245,234.0,Rental,36736303
1591,Tokai,6.0,4.5,,8.0,11.407564949312402,,Rental,34758556
350,Observatory,1.0,1.0,289 Lower Main Road,1.0,9.047821442478408,34.0,Rental,36716112
1337,Cape Town City Centre,2.0,2.0,,2.0,10.16585181700362,,Rental,36699379
443,Woodstock,3.0,1.0,,0.0,9.903487552536127,141.0,Rental,36766394
1368,Sea Point,2.0,2.0,,1.0,10.645424897265505,90.0,Rental,36602796
20,Tamboerskloof,1.0,1.0,258 Upper Buitengracht Street,1.0,9.680344001221918,37.0,Rental,36831587
696,Wynberg Upper,1.0,1.0,,1.0,9.210340371976184,,Rental,36786215
430,Sea Point,3.0,2.0,,1.0,10.126631103850338,136.0,Rental,36809272
1030,Sea Point,2.0,2.0,"405 Versailles, 219 Main Road",2.0,10.388995368317827,72.0,Rental,32597884
812,Tokai,3.0,2.0,,3.0,9.95227771670556,,Rental,36786255
1543,Newlands,6.0,4.0,,8.0,11.082142548877776,,Rental,36500276
1241,Vredehoek,1.0,1.0,,1.0,9.546812608597396,95.0,Rental,36798072
1159,Llandudno,3.0,3.5,,4.0,11.512925464970229,,Rental,36147010
300,Mouille Point,1.0,1.0,157 Beach Road,1.0,9.472704636443671,45.0,Rental,36754662
236,Vredehoek,3.0,2.5,,3.0,10.308952660644293,137.0,Rental,36802351
1212,Woodstock,3.0,1.0,,2.0,9.825526011066415,169.0,Rental,36680907
133,Cape Town City Centre,1.0,1.0,,1.0,9.35010231435134,46.0,Rental,36835958
1117,Wynberg,0.5,1.0,"Grand Central, 227 Main Road",1.0,8.476371196895983,,Rental,36792159
1017,Tamboerskloof,1.0,1.0,,1.0,9.66459564425378,,Rental,36797042
702,Sea Point,2.0,1.0,,0.0,10.308952660644293,145.0,Rental,36786051
1022,Mouille Point,1.0,1.0,,0.0,9.680344001221918,68.0,Rental,33139816
29,De Waterkant,1.0,1.0,"6 Rose Street, De Waterkant",1.0,9.87816974455184,,Rental,31520867
471,Mouille Point,2.0,2.0,,2.0,10.809727948556782,163.0,Rental,35012627
986,Camps Bay,3.0,2.0,,1.0,10.388995368317827,,Rental,31233063
1451,Green Point,5.0,6.0,,3.0,11.652687407345388,236.0,Rental,36454583
1635,Foreshore,1.0,1.0,"201 Vida D'chette, 21 Martin Hammerschlag Way",0.0,9.615138591096644,,Rental,36304920
817,Cape Town City Centre,0.5,0.5,,0.0,9.305650551780507,43.0,Rental,35129547
1488,Constantia,6.0,4.0,,4.0,10.968198289528557,,Rental,36544208
449,Green Point,1.0,1.0,"Neighbourgood Hill Suites, 2 Hill Rd, Green Point",0.0,9.679093219320263,,Rental,36729046
571,Mouille Point,2.0,2.0,,2.0,10.292145542327912,101.0,Rental,36834219
1229,Plumstead,3.0,1.5,,3.0,9.998797732340453,490.0,Rental,36687913
294,Green Point,1.0,1.0,,2.0,9.998797732340453,46.0,Rental,36787010
271,Foreshore,1.0,1.0,Harbour Arch Boulevard,1.0,9.769956159911606,51.0,Rental,36198233
1402,Sea Point,2.0,1.0,,1.0,9.998797732340453,,Rental,36773116
1463,Sea Point,3.0,3.0,,2.0,11.512925464970229,,Rental,36564349
124,Kenilworth,1.0,1.0,,1.0,8.987196820661973,37.0,Rental,36789826
1583,Clifton,3.0,3.5,,4.0,12.323855681186558,308.0,Rental,36365786
90,Vredehoek,2.0,2.0,,0.0,10.043249494911286,120.0,Rental,32904749
1533,Three Anchor Bay,2.0,1.0,Princeton Camberwell Road 3 Anchor Bay.,0.0,9.798127036878302,,Rental,36534285
385,Green Point,3.0,1.5,,1.0,10.126631103850338,126.0,Rental,36791748
937,Three Anchor Bay,0.5,1.0,,1.0,9.711115659888671,,Rental,36799236
114,Cape Town City Centre,0.5,1.0,,1.0,9.615805480084347,45.0,Rental,31704848
575,Sea Point,3.0,2.5,,1.0,11.082142548877776,222.0,Rental,36749044
1250,Gardens,3.0,2.0,,1.0,10.596634733096073,230.0,Rental,36557134
202,Sea Point,2.0,2.0,,1.0,11.350406535472452,136.0,Rental,36772918
101,Cape Town City Centre,0.5,1.0,"302 Pepper Club, 167 Loop Street",1.0,9.546812608597396,33.0,Rental,36787534
1526,Rondebosch,2.0,2.0,,1.0,9.798127036878302,,Rental,36574417
1785,Cape Town City Centre,1.0,1.0,"106a Homii Valencia, 53 Commercial Street",0.0,8.515191188745565,,Rental,33139156
1056,Sea Point,1.0,1.0,21 Bickley Rd,1.0,9.409191230721348,,Rental,31258191
777,Vredehoek,3.0,1.0,2 Grisnez Road,2.0,9.798127036878302,120.0,Rental,36545960
596,Waterfront,1.0,1.0,,0.0,9.75846178048587,54.0,Rental,33151817
945,Sea Point,2.0,3.0,,1.0,10.933106969717286,290.0,Rental,35069577
248,Waterfront,2.0,2.0,,2.0,11.289781913656018,151.0,Rental,36799889
367,Muizenberg,3.0,3.0,,1.0,9.64859530290734,114.0,Rental,36780256
1778,Wynberg,1.0,1.0,,1.0,8.707813551024888,28.0,Rental,34579834
1178,Oranjezicht,2.0,1.0,,2.0,10.043249494911286,,Rental,36828407
319,Tamboerskloof,3.0,2.0,,0.0,10.46310334047155,127.0,Rental,36810361
656,Fresnaye,4.0,5.0,,4.0,12.323855681186558,677.0,Rental,31376734
1701,Sea Point,4.0,4.0,,0.0,10.789319076925574,126.0,Rental,36380826
752,Vredehoek,2.0,2.0,,1.0,10.021270588192513,105.0,Rental,36771856
156,Sea Point,3.0,3.0,,2.0,11.225243392518449,196.0,Rental,36832959
853,Cape Town City Centre,0.5,1.0,,0.0,9.615805480084347,,Rental,36814419
1581,Fresnaye,4.0,3.5,,2.0,11.512925464970229,650.0,Rental,36414566
1075,Newlands,1.0,1.0,6 Thicket Street,0.0,9.581903928408666,31.0,Rental,36667579
1008,Camps Bay,0.5,1.0,,1.0,9.615805480084347,40.0,Rental,36661481
693,Sea Point,2.0,1.0,241 High Level Road,1.0,9.95227771670556,86.0,Rental,34950747
848,Cape Town City Centre,0.5,1.0,,0.0,9.305650551780507,60.0,Rental,36829695
1233,Cape Town City Centre,1.0,1.0,,0.0,9.711115659888671,48.0,Rental,29132189
1482,Sea Point,0.5,1.0,Ashkelon 15 London Road Sea Point,0.0,9.210340371976184,,Rental,36564149
1208,Bantry Bay,2.0,2.0,,1.0,10.021270588192513,,Rental,36713291
1349,Rondebosch,1.0,1.0,,1.0,9.35010231435134,43.0,Rental,36772548
166,Tamboerskloof,2.0,2.0,,1.0,10.596634733096073,270.0,Rental,31564030
1057,Gardens,2.0,2.0,,2.0,10.085809109330082,90.0,Rental,32106401
1110,Clifton,4.0,2.5,,1.0,12.072541252905651,,Rental,36702350
153,Gardens,1.0,1.0,,1.0,10.106428396532818,69.0,Rental,36824479
631,Plumstead,2.0,1.0,,4.0,9.615805480084347,251.0,Rental,36769793
994,Sea Point,2.0,2.0,,1.0,10.858998997563564,198.0,Rental,36548561
1474,Sea Point,3.0,3.0,,1.0,10.819778284410283,302.0,Rental,36170966
77,Sea Point,2.0,2.0,281 & 283 Beach Rd,1.0,11.03488966402723,100.0,Rental,36811506
808,Mouille Point,3.0,3.5,,2.0,11.77528972943772,302.0,Rental,36695031
1053,Fresnaye,4.0,4.0,,4.0,11.27720313144916,633.0,Rental,36685783
1111,Camps Bay,3.0,2.0,,3.0,10.571316925111784,,Rental,36706388
158,Diep River,2.0,1.0,15 Main Road,2.0,9.259130536145614,92.0,Rental,36714496
881,Sea Point,0.5,1.0,,1.0,9.392661928770137,29.0,Rental,36755587
1399,Foreshore,1.0,1.0,12 Christiaan Barnard Street,0.0,9.667765219015058,30.0,Rental,36542908
895,Camps Bay,3.0,3.0,,2.0,10.757902880692196,160.0,Rental,36679287
139,Sea Point,1.0,1.0,Planet Africa 17 Kei Apple Road,1.0,9.903487552536127,52.0,Rental,36197052
851,Cape Town City Centre,1.0,2.0,,0.0,8.987196820661973,,Rental,36823200
486,Sea Point,2.0,2.0,,2.0,10.532096211958502,72.0,Rental,36810953
363,Sea Point,2.0,1.0,,0.0,9.903487552536127,59.0,Rental,36800647
880,Claremont,2.0,1.0,,2.0,9.61547209118311,,Rental,34580385
1096,Sea Point,3.0,2.0,67 Regent Road,2.0,10.714417768752456,152.0,Rental,34905004
1247,Cape Town City Centre,1.0,1.0,,1.0,9.64859530290734,70.0,Rental,36647912
1099,Newlands,2.0,1.0,3 Letterstedt Rd,1.0,9.798127036878302,67.0,Rental,36806247
1334,Bantry Bay,3.0,3.0,,2.0,11.608235644774552,,Rental,35513168
58,Green Point,0.5,1.0,"512 Son Vida, 87 Somerset Road",1.0,9.305650551780507,34.0,Rental,36814728
463,Sea Point,0.5,1.0,,1.0,9.680344001221918,30.0,Rental,36768507
1513,Claremont Upper,1.0,1.0,,1.0,9.392661928770137,,Rental,36572199
1169,Camps Bay,3.0,3.0,"30 First Crescent, Camps Bay",6.0,10.584055950889214,330.0,Rental,35289575
1036,Cape Town City Centre,0.5,1.0,117 Strand Street,0.0,9.546812608597396,,Rental,36728651
259,Foreshore,0.5,1.0,,1.0,9.35010231435134,35.0,Rental,35826637
136,Claremont,2.0,1.0,,1.0,9.472704636443671,75.0,Rental,36563561
6,Gardens,2.0,2.0,20 Camp St,2.0,10.341742483467284,100.0,Rental,30256997
832,Observatory,2.0,1.0,,1.0,9.615805480084347,178.0,Rental,33131773
767,Observatory,2.0,2.0,,1.0,9.711115659888671,,Rental,36825880
66,Wynberg,2.0,1.0,227 Main Road Wynberg,1.0,8.881836305004146,58.0,Rental,36812584
357,Sea Point,2.0,3.0,,1.0,10.46310334047155,200.0,Rental,36777431
1608,Sea Point,3.0,2.0,,2.0,10.657259354912508,325.0,Rental,36303069
591,Constantia,4.0,3.0,,6.0,10.757902880692196,,Rental,36818166
1455,Muizenberg,3.0,1.0,,0.0,9.230142999272362,,Rental,36529606
1048,Cape Town City Centre,0.5,1.0,,1.0,9.433483923290392,,Rental,35476994
1118,Gardens,2.0,1.0,,1.0,10.308952660644293,,Rental,36709496
1338,Kenilworth Upper,5.0,3.5,,5.0,11.082142548877776,281.0,Rental,36558949
929,Observatory,0.5,1.0,,1.0,9.104979856318357,45.0,Rental,36729910
408,Sea Point,0.5,1.0,8 Ashkelon London Road Sea Point 8005,0.0,9.210340371976184,50.0,Rental,36797322
450,Sea Point,1.0,1.0,"23 Arthurs , Arthurâ€™s Road",1.0,9.87816974455184,55.0,Rental,36772694
1683,Vredehoek,4.0,2.0,,2.0,10.714417768752456,431.0,Rental,36486365
418,Foreshore,1.0,1.0,Harbour Arch Boulevard,1.0,9.615805480084347,41.0,Rental,36627946
198,Claremont Upper,2.0,1.0,25 Cavendish Street,0.0,9.210340371976184,,Rental,34234577
164,Mouille Point,1.0,1.0,,2.0,9.903487552536127,60.0,Rental,36823981
1557,Sea Point,2.0,1.0,281 Beach Road,1.0,9.998797732340453,,Rental,36520104
770,Mouille Point,3.0,3.5,,2.0,11.156250521031495,270.0,Rental,36741555
938,Bantry Bay,6.0,6.0,,3.0,11.918390573078392,,Rental,36761575
890,Newlands,8.0,5.0,,5.0,11.289781913656018,,Rental,36773673
64,Woodstock,1.0,1.0,187 Victoria Road,1.0,9.51044496442652,87.0,Rental,33351495
1401,Gardens,3.0,3.0,"2, 19 Orange Road",0.0,11.350406535472452,315.0,Rental,36581165
1280,Sea Point,3.0,2.0,,1.0,10.714417768752456,110.0,Rental,35179985
978,Camps Bay,5.0,6.0,,6.0,12.072541252905651,709.0,Rental,34788709
1073,Claremont,0.5,1.0,"The Claremont, 53 Main Road",0.0,9.35010231435134,42.0,Rental,36685928
1114,Camps Bay,5.0,5.5,,8.0,11.918390573078392,,Rental,36702167
468,Fresnaye,5.0,5.5,,2.0,12.100712129872347,,Rental,36818025
1691,Sea Point,2.0,2.0,,1.0,10.819778284410283,200.0,Rental,35385072
188,Rondebosch,3.0,1.0,12 Frean Road,3.0,9.903487552536127,646.0,Rental,36819065
625,Oranjezicht,4.0,2.5,11 Labounere Street,0.0,10.596634733096073,220.0,Rental,36756999
1176,Camps Bay,4.0,4.0,,1.0,11.461632170582678,905.0,Rental,36101922
1295,Mouille Point,2.0,2.0,,0.0,10.292145542327912,101.0,Rental,36680093
877,Kenilworth,3.0,1.0,66 Third Ave Kenilworth Cape Town,1.0,8.85366542803745,96.0,Rental,31194322
527,Mouille Point,1.0,1.5,,1.0,10.126631103850338,101.0,Rental,36784699
691,Camps Bay,3.0,2.0,,2.0,10.571316925111784,,Rental,36785442
1688,Cape Town City Centre,3.0,4.0,,2.0,11.350406535472452,,Rental,36211570
425,Sea Point,2.0,2.0,,1.0,10.257659366256744,90.0,Rental,36768288
25,Foreshore,2.0,2.0,Harbour Arch Boulevard,1.0,10.308952660644293,73.0,Rental,36815219
918,Wynberg,4.0,1.5,,2.0,10.126631103850338,,Rental,36753799
44,Cape Town City Centre,0.5,1.0,3 St George's Mall,0.0,9.259130536145614,38.0,Rental,28585770
1101,Tokai,3.0,2.0,,0.0,9.975808214115752,496.0,Rental,36090193
1202,Claremont,3.0,1.0,Brooke Street,2.0,9.852194258148575,,Rental,36683304
684,Sea Point,2.0,1.0,Glengariff Rd,1.0,10.126631103850338,,Rental,35305939
1106,Rondebosch,2.0,1.0,27 Main Road,0.0,8.699514748210191,,Rental,36604506
1569,Bantry Bay,6.0,6.0,,4.0,11.918390573078392,642.0,Rental,36291873
536,Cape Town City Centre,1.0,1.0,,1.0,9.680344001221918,54.0,Rental,36780032
1227,Camps Bay,4.0,5.0,,4.0,11.77528972943772,,Rental,35543655
1094,Camps Bay,5.0,4.5,,2.0,10.968198289528557,,Rental,36718037
1158,Constantia,3.0,2.5,,5.0,11.141861783579396,238.0,Rental,36729467
727,Newlands,2.0,2.0,"76 Main Street, Newlands, Cape Town",0.0,10.184900011974314,181.0,Rental,36765774
1018,Cape Town City Centre,0.5,1.0,47 Buitenkant Street,0.0,9.392661928770137,,Rental,36734423
1642,Three Anchor Bay,5.0,4.0,,2.0,11.134589024250316,,Rental,36249344
1393,Muizenberg,2.0,3.0,1 Box Road Muizenberg,4.0,9.798127036878302,200.0,Rental,30109236
47,Bantry Bay,2.0,3.0,64 De Wet Road,1.0,11.082142548877776,,Rental,34812430
229,De Waterkant,3.0,3.0,151 Waterkant St,0.0,11.03488966402723,283.0,Rental,36737917
333,Green Point,2.0,2.0,,2.0,10.126631103850338,81.0,Rental,36791894
1086,Vredehoek,2.0,1.0,,0.0,9.615805480084347,78.0,Rental,36787904
1596,Mouille Point,0.5,1.0,,0.0,9.472704636443671,32.0,Rental,31557412
1568,Kenilworth,2.0,1.0,,2.0,9.680344001221918,80.0,Rental,36411169
1725,Foreshore,1.0,1.0,,0.0,9.615138591096644,,Rental,36318519
1050,Higgovale,3.0,4.0,,2.0,10.819778284410283,310.0,Rental,36713456
1312,Wynberg,1.0,1.0,,0.0,8.732304571033183,,Rental,36763733
1740,Observatory,1.0,1.0,,1.0,9.137769679141348,,Rental,36238359
658,Woodstock,1.0,1.0,,1.0,9.305650551780507,42.0,Rental,36752476
204,Sea Point,1.0,1.0,85 M61,0.0,9.786953736280177,56.0,Rental,34810881
855,Gardens,1.0,1.0,1 De Lorentz Street,1.0,9.87816974455184,,Rental,36769759
1283,De Waterkant,2.0,2.0,"712, 2 De Smidt",2.0,11.156250521031495,185.0,Rental,36625699
887,Camps Bay,3.0,1.0,,1.0,10.46310334047155,920.0,Rental,36438410
1139,Woodstock,1.0,1.0,,0.0,8.85366542803745,,Rental,36705890
1257,Sea Point,2.0,2.0,,1.0,10.388995368317827,,Rental,35261206
388,Green Point,2.0,2.5,,1.0,10.46310334047155,141.0,Rental,36778131
840,Mouille Point,3.0,4.0,,4.0,11.918390573078392,541.0,Rental,36693423
1659,De Waterkant,2.0,2.0,,2.0,10.545341438708522,,Rental,36232875
920,Plumstead,3.0,2.5,,0.0,10.275051108968611,,Rental,36804619
763,Sea Point,2.0,1.0,,1.0,10.714417768752456,,Rental,36823963
1681,Constantia,7.0,9.0,,12.0,11.982929094215963,,Rental,28741133
22,Sea Point,2.0,1.0,85 Regent Road,0.0,9.901235017482836,90.0,Rental,36809263
168,Cape Town City Centre,2.0,1.0,,1.0,10.126631103850338,68.0,Rental,36823845
1235,Tamboerskloof,2.0,2.0,,1.0,10.691944912900398,115.0,Rental,36562799
1306,Claremont,4.0,1.5,"Westlodge, 1 Pinetree Avenue",2.0,9.612466578818832,,Rental,36730104
1730,Foreshore,1.0,1.0,"309 Vida D'chette, 21 Martin Hammerschlag Way",0.0,9.647949933410914,,Rental,35883080
250,Waterfront,3.0,3.0,,2.0,11.002099841204238,162.0,Rental,35356057
1320,Rondebosch,0.5,1.0,,1.0,9.287301413112312,38.0,Rental,36597296
1719,Camps Bay,3.0,3.0,,2.0,11.127262984158245,200.0,Rental,33131569
811,Constantia,3.5,2.5,"27 Shiraz Cres, 9 Cumberland Ave., Constantia",3.5,10.404262840448617,300.0,Rental,31148826
237,Vredehoek,2.0,1.5,,1.0,9.598998361767968,73.0,Rental,36813523
405,Green Point,1.0,1.0,219 Main Rd,2.0,9.615805480084347,65.0,Rental,36641647
670,Tokai,2.0,1.0,,2.0,10.1226230824528,950.0,Rental,36661805
1515,Claremont,4.0,2.0,,5.0,10.404262840448617,,Rental,36459883
1448,Observatory,1.0,1.0,9 Dodds Road Observatory,1.0,8.779557455883728,20.0,Rental,30016024
698,Sea Point,2.0,2.0,"208 Rapallo, 292 Beach Road",1.0,10.491274217438248,,Rental,36835228
635,Mouille Point,3.0,5.0,,2.0,11.918390573078392,541.0,Rental,36734365
208,Green Point,2.0,1.5,,0.0,10.203592144986466,80.0,Rental,36823949
21,Foreshore,1.0,1.0,Harbour Arch Boulevard,1.0,9.769956159911606,51.0,Rental,36818987
738,Cape Town City Centre,2.0,1.0,,1.0,9.615805480084347,,Rental,36833211
883,Mouille Point,3.0,5.0,121 Beach Road,1.0,11.918390573078392,,Rental,36767212
1432,Claremont,2.0,1.0,,1.0,9.615805480084347,184.0,Rental,36428088
1363,Foreshore,0.5,1.0,,1.0,9.72913416539135,30.0,Rental,36585542
1464,Wynberg,1.0,1.0,3-19 Barnstaple Road,1.0,8.961879012677683,,Rental,36507346
1281,Woodstock,1.0,1.0,"52 Strand Street, Woodstock",1.0,9.071078304642676,43.0,Rental,34579108
1663,Newlands,4.0,4.0,,1.0,10.915088464214609,,Rental,36257186
383,Oranjezicht,4.0,2.0,6 Rugby Road,2.0,11.002099841204238,,Rental,36788458
1071,Mouille Point,2.0,2.0,,1.0,10.388995368317827,101.0,Rental,36713567
305,Mouille Point,2.0,2.0,,1.0,10.275051108968611,102.0,Rental,36793541
34,Sea Point,2.0,1.0,11 Tramway Road,0.0,10.308952660644293,100.0,Rental,36810680
579,Mouille Point,3.0,3.0,,2.0,11.77528972943772,302.0,Rental,36836011
1710,Camps Bay,1.0,1.0,,1.0,9.680344001221918,,Rental,36012687
309,Sea Point,3.0,3.5,,2.0,11.350406535472452,209.0,Rental,34896973
46,Claremont Upper,2.0,1.0,259 Main Road,2.0,9.740968623038354,87.0,Rental,36786095
1007,De Waterkant,2.0,1.0,,2.0,9.903487552536127,103.0,Rental,36578729
1398,Wynberg,1.0,1.0,227 Main Road Wynberg,1.0,8.748304912379623,36.0,Rental,36376506
624,Fresnaye,3.0,2.0,,0.0,10.596634733096073,249.0,Rental,32384851
1496,Kenilworth,3.0,1.5,8 June Street,2.0,9.903487552536127,100.0,Rental,36411092
1732,Camps Bay,5.0,5.5,,6.0,12.323855681186558,,Rental,34869643
923,Cape Town City Centre,3.0,4.0,Wale St,1.0,10.915088464214609,260.0,Rental,35154684
1621,Tokai,1.0,1.0,3 Trellis Road,2.0,9.305650551780507,45.0,Rental,35618371
856,Sea Point,2.0,2.0,,1.0,10.043249494911286,101.0,Rental,36757967
1519,Constantia,5.0,4.5,,2.0,11.407564949312402,,Rental,36517891
1459,Observatory,3.0,1.0,38 Lower Rochester Road,1.0,8.612503371220562,,Rental,32357981
1600,Sea Point,3.0,3.0,,2.0,10.714417768752456,170.0,Rental,36260366
1074,Sea Point,0.5,1.0,2 Heylon Court 367 Main Road Sea Point,0.0,9.210340371976184,,Rental,36786550
212,Camps Bay,3.0,3.5,,2.0,11.082142548877776,399.0,Rental,36815837
1278,Pinelands,3.0,2.0,,1.0,9.51044496442652,102.0,Rental,36539005
1098,Mouille Point,1.0,1.5,,1.0,10.126631103850338,101.0,Rental,36680023
1487,Woodstock,2.0,2.0,,1.0,9.903487552536127,86.0,Rental,36431364
1170,Clifton,3.0,2.0,,2.0,10.915088464214609,168.0,Rental,34113973
1216,Gardens,3.0,2.0,Gordon Street,0.0,10.257659366256744,200.0,Rental,36533687
201,Muizenberg,3.0,2.0,,2.0,9.546812608597396,120.0,Rental,36824805
1614,Foreshore,1.0,1.0,,0.0,9.615805480084347,48.0,Rental,36321442
689,Mouille Point,1.0,1.0,506 The Granger Mouille Point Cape Town,1.0,10.16585181700362,,Rental,36786243
1465,Foreshore,1.0,1.0,,1.0,9.825526011066415,55.0,Rental,35096333
137,Sea Point,2.0,2.0,17 Albany Road,3.0,10.308952660644293,80.0,Rental,36805445
784,Sea Point,2.0,1.0,,1.0,9.798127036878302,92.0,Rental,36701779
1708,Sea Point,3.0,2.0,,1.0,10.238172478583245,,Rental,34786547
68,Vredehoek,2.0,2.0,23 Davenport Rd (pearl Court),1.0,9.798127036878302,,Rental,36820339
200,Camps Bay,3.0,3.0,6 Penelope Close,1.0,10.819778284410283,600.0,Rental,36346049
531,Oranjezicht,3.0,2.0,,1.0,10.46310334047155,170.0,Rental,36812090
277,Gardens,2.0,2.5,,2.0,10.341742483467284,169.0,Rental,33922040
1670,Observatory,1.0,1.0,,1.0,8.99961934066053,,Rental,36238436
11,Oranjezicht,0.5,1.0,7 Beulah Ter,1.0,9.581903928408666,50.0,Rental,36826960
1357,Cape Town City Centre,1.0,1.0,,0.0,9.711115659888671,,Rental,36628361
1420,De Waterkant,1.0,1.0,,2.0,9.998797732340453,,Rental,36557232
604,Camps Bay,3.0,3.0,,2.0,10.714417768752456,403.0,Rental,34066167
344,Observatory,3.0,1.5,,0.0,9.680344001221918,130.0,Rental,34301318
1196,Foreshore,0.5,1.0,,1.0,9.51044496442652,35.0,Rental,36579330
1535,Clifton,0.5,1.0,,0.0,9.711115659888671,42.0,Rental,36472561
1173,Kenilworth Upper,3.0,2.5,,3.0,10.388995368317827,268.0,Rental,36648558
1668,Newlands,0.5,1.0,3 Springs Way,1.0,7.824046010856292,,Rental,34767365
837,Three Anchor Bay,2.0,2.0,,1.0,9.903487552536127,85.0,Rental,36690175
456,Kenilworth,2.0,1.0,,2.0,9.392661928770137,65.0,Rental,36775506
1505,Woodstock,2.0,2.0,,0.0,9.740968623038354,87.0,Rental,36561214
356,Camps Bay,3.0,4.0,,2.0,11.141861783579396,,Rental,31155364
199,Sea Point,2.0,2.0,,1.0,10.596634733096073,88.0,Rental,36819372
628,Woodstock,2.0,2.0,187 Victoria Road,1.0,9.740968623038354,61.0,Rental,33783345
857,Kenilworth,3.0,1.0,,0.0,9.543234787249512,,Rental,36768847
1755,Wynberg,1.0,1.0,,1.0,8.411832675758411,,Rental,36245718
1664,Sea Point,0.5,1.0,92 Regent Rd,0.0,9.104979856318357,40.0,Rental,36466250
742,Rondebosch,4.0,4.0,,3.0,10.858998997563564,206.0,Rental,36053263
1237,Pinelands,1.0,1.0,,1.0,8.922658299524402,,Rental,36696061
657,Sea Point,2.0,2.0,,1.0,10.23995978915734,,Rental,36791882
1588,Cape Town City Centre,1.0,1.0,,0.0,9.210340371976184,,Rental,36673567
194,Cape Town City Centre,0.5,1.0,66 Keerom Street,0.0,9.104979856318357,43.0,Rental,33829900
530,Mouille Point,2.0,1.0,,3.0,10.373491181781864,102.0,Rental,36761865
1276,Tamboerskloof,2.0,1.0,,1.0,9.592195614445211,,Rental,36802995
1657,Newlands,3.0,3.5,,2.0,10.545341438708522,,Rental,33915990
884,Diep River,1.0,1.0,Austell Road,1.0,8.922658299524402,32.0,Rental,36733413
615,Green Point,1.0,2.0,,1.0,10.51867319162636,,Rental,34749721
245,Green Point,2.0,1.0,,1.0,10.043249494911286,86.0,Rental,36800882
814,Fresnaye,3.0,3.0,,2.0,10.46310334047155,135.0,Rental,35181565
190,Green Point,2.0,1.5,177 Main Road,1.0,9.975808214115752,75.0,Rental,32771784
1009,Observatory,1.0,1.0,,1.0,9.472704636443671,,Rental,36729934
1307,Oranjezicht,4.0,3.5,8 Stephen Street,1.0,10.819778284410283,230.0,Rental,32162073
262,Plumstead,1.0,1.0,,0.0,8.88875674784872,45.0,Rental,36803630
1177,Foreshore,1.0,1.0,,1.0,9.903487552536127,55.0,Rental,36790933
376,Constantia,5.0,4.0,,10.0,10.933106969717286,,Rental,35297716
396,Muizenberg,2.0,2.0,. Clifton Road,3.0,9.680344001221918,285.0,Rental,36804186
1601,Foreshore,1.0,1.0,"511 Vida D'chette, 21 Martin Hammerschlag Way",0.0,9.710509415553645,,Rental,36042028
528,Mouille Point,2.0,3.0,,2.0,11.289781913656018,212.0,Rental,36803206
161,Camps Bay,2.0,2.0,,2.0,9.998797732340453,86.0,Rental,35705032
269,Pinelands,2.0,1.0,"310 Silvermine, 8 Informal Rd",1.0,9.35010231435134,54.0,Rental,35604225
1116,Cape Town City Centre,3.0,4.0,,1.0,12.100712129872347,280.0,Rental,36608570
335,Mouille Point,1.0,1.0,,1.0,9.735068900911164,71.0,Rental,36824841
1675,Gardens,2.0,2.0,,0.0,10.043249494911286,,Rental,36569739
1661,Llandudno,4.0,4.0,8 Fawcett,3.0,11.141861783579396,,Rental,36230739
507,Cape Town City Centre,1.0,1.0,,0.0,8.779557455883728,,Rental,34948894
1141,Diep River,2.0,1.0,,2.0,9.581903928408666,211.0,Rental,36042056
297,Cape Town City Centre,1.0,1.0,Adderley Street,1.0,9.375854810453756,55.0,Rental,33481913
859,Sea Point,3.0,2.5,,3.0,10.341742483467284,500.0,Rental,36282334
1,Woodstock,0.5,1.0,"Loft Fenton Loft, 22 Fenton Road",0.0,8.987196820661973,40.0,Rental,31383171
149,Cape Town City Centre,0.5,1.0,43 Buitenkant Street,1.0,9.35010231435134,30.0,Rental,36830329
939,Camps Bay,2.0,1.0,,1.0,10.126631103850338,60.0,Rental,36661524
1684,Waterfront,3.0,3.0,,2.0,11.608235644774552,221.0,Rental,35743076
1269,Waterfront,2.0,2.0,,2.0,11.002099841204238,130.0,Rental,36535463
1544,Vredehoek,2.0,2.0,,2.0,10.16585181700362,90.0,Rental,32716159
1586,Sea Point,1.0,1.0,,1.0,9.632334782035558,,Rental,36474822
588,Camps Bay,4.0,2.0,,2.0,11.082142548877776,,Rental,36804887
1532,Cape Town City Centre,0.5,1.0,,0.0,9.615805480084347,,Rental,36468366
888,Constantia,4.0,3.0,,4.0,11.461632170582678,,Rental,30927591
1613,Bo Kaap,2.0,2.0,,1.0,9.852194258148575,,Rental,36442526
422,Green Point,2.0,2.0,,1.0,10.373491181781864,81.0,Rental,34988846
869,Mouille Point,0.5,1.0,"301 Good Hope Park, 159 Beach Road",0.0,9.615805480084347,38.0,Rental,36031787
955,Sea Point,2.0,2.0,,1.0,10.308952660644293,,Rental,36744066
1296,Cape Town City Centre,0.5,1.0,117 Strand Street,0.0,9.546812608597396,,Rental,36728546
842,Woodstock,1.0,1.0,"114 Harbour View, 4 Bromwell Street",1.0,9.0994088112689,50.0,Rental,36804750
847,Cape Town City Centre,0.5,1.0,,0.0,9.674074388208323,21.0,Rental,36784029
1715,Clifton,2.0,2.0,,1.0,10.778956289890028,,Rental,36007902
1630,Foreshore,1.0,1.0,,1.0,9.615805480084347,,Rental,36422817
1068,Claremont,2.0,1.5,,0.0,9.159047077588632,,Rental,36797047
864,Claremont,3.0,2.0,,2.0,9.903487552536127,90.0,Rental,36688156
1355,Sea Point,2.0,2.0,,1.0,10.126631103850338,95.0,Rental,33628901
748,Mouille Point,3.0,3.0,,2.0,11.156250521031495,270.0,Rental,36747470
914,Sea Point,1.0,1.0,,0.0,10.126631103850338,80.0,Rental,36714307
774,Fresnaye,0.5,1.0,15 Marseilles Avenue,0.0,9.680344001221918,41.0,Rental,35975763
1489,Waterfront,2.0,2.0,,2.0,11.608235644774552,179.0,Rental,36363965
708,Tamboerskloof,2.0,1.0,,0.0,9.615805480084347,80.0,Rental,36731132
1418,Bantry Bay,3.0,3.0,,2.0,11.813030057420567,,Rental,35242102
730,Foreshore,2.0,2.0,Harbour Arch Boulevard,1.0,10.596634733096073,86.0,Rental,36548279
1006,Higgovale,4.0,4.0,,2.0,11.326595886778737,,Rental,36726959
1633,Cape Town City Centre,0.5,1.0,,0.0,9.472704636443671,,Rental,36065468
651,Sea Point,0.5,1.0,,0.0,10.085809109330082,,Rental,36814781
126,Sea Point,2.0,1.5,,1.0,9.903487552536127,100.0,Rental,36833709
1365,Green Point,2.0,2.0,,0.0,10.23995978915734,108.0,Rental,36681106
756,Green Point,2.0,2.5,30b St. George Road,2.0,10.568749529606537,140.0,Rental,36756423
998,Higgovale,5.0,4.0,,6.0,11.695247021764184,727.0,Rental,36708717
1154,Green Point,2.0,2.0,,1.0,10.021270588192513,,Rental,36736633
1190,Claremont,3.0,2.5,Herschel Rd & Oak Rd Claremont,1.0,9.903487552536127,,Rental,36467646
1387,Sea Point,2.0,2.0,,1.0,10.915088464214609,150.0,Rental,29864475
276,Cape Town City Centre,1.0,1.0,1 Shortmarket Street,0.0,9.305650551780507,43.0,Rental,36695566
519,Claremont Upper,2.0,2.0,,1.0,9.680344001221918,95.0,Rental,35075609
1067,Newlands,3.0,2.0,,6.0,10.645424897265505,568.0,Rental,36626390
1163,Camps Bay,4.0,2.0,,1.0,11.082142548877776,,Rental,32556625
525,Kenilworth,2.0,1.0,,2.0,9.740968623038354,,Rental,36812041
1027,Sea Point,1.0,1.0,,1.0,9.738023112808596,37.0,Rental,36136816
1618,Bo Kaap,2.0,2.0,,1.0,9.903487552536127,,Rental,36435244
1373,Mouille Point,2.0,2.0,,2.0,10.491274217438248,116.0,Rental,36533997
860,Green Point,3.0,3.5,,4.0,11.289781913656018,402.0,Rental,31924382
820,Newlands,0.5,1.0,,1.0,9.305650551780507,46.0,Rental,36831786
1282,Bantry Bay,4.0,5.0,,4.0,12.013700752882718,753.0,Rental,36591900
977,Pinelands,1.0,1.0,,1.0,8.987196820661973,38.0,Rental,36817988
917,Green Point,2.0,2.0,,0.0,11.002099841204238,,Rental,36761903
130,Bo Kaap,2.0,1.0,,1.0,10.16585181700362,145.0,Rental,36831853
1078,Foreshore,2.0,2.0,Harbour Arch Boulevard,1.0,10.532096211958502,86.0,Rental,36443267
535,Claremont,3.0,2.0,,1.0,9.903487552536127,90.0,Rental,36756275
679,Bantry Bay,4.0,4.0,,2.0,11.608235644774552,,Rental,36796479
1436,Kenilworth,3.0,1.0,,2.0,10.043249494911286,348.0,Rental,36579463
1412,Wynberg,1.0,1.0,,1.0,8.648221453822641,,Rental,36737205
1238,Waterfront,3.0,3.0,,2.0,11.127262984158245,160.0,Rental,36535472
1043,Three Anchor Bay,1.0,1.0,,1.0,9.769956159911606,50.0,Rental,33006748
266,Cape Town City Centre,1.0,1.0,,1.0,9.615805480084347,68.0,Rental,36821923
177,Fresnaye,2.0,2.0,,2.0,10.16585181700362,85.0,Rental,36812909
1404,Observatory,2.0,2.0,,1.0,9.64859530290734,,Rental,35374072
51,Camps Bay,4.0,4.0,4 Theresa Avenue,2.0,11.461632170582678,905.0,Rental,36065821
1360,Tamboerskloof,2.0,2.0,,1.0,10.596609732783568,,Rental,36633983
311,Wynberg Upper,2.0,1.0,,2.0,9.615805480084347,63.0,Rental,36796873
498,Newlands,3.0,2.0,,2.0,10.545341438708522,496.0,Rental,36817045
389,Claremont Upper,4.0,2.5,6 Feldhausen Road,2.0,10.789319076925574,560.0,Rental,36059168
551,Sea Point,4.0,4.0,,2.0,10.714417768752456,126.0,Rental,36793502
517,Claremont,2.0,1.0,,1.0,10.184900011974314,168.0,Rental,36785786
791,Green Point,1.0,1.0,,1.0,9.392661928770137,60.0,Rental,35423331
1565,Foreshore,1.0,1.0,"512 Vida D'chette, 21 Martin Hammerschlag Way",0.0,9.69830670159609,,Rental,35580808
1456,Diep River,0.5,1.0,"Musgrave Park, 40 Old Kendal Road, Diep River, Cape Town",1.0,8.411832675758411,,Rental,32432589
867,Constantia,2.0,2.0,,1.0,10.23995978915734,,Rental,36767836
1550,Foreshore,1.0,1.0,"514a Vida D'chette, 21 Martin Hammerschlag Way",0.0,8.98594603876032,,Rental,36006950
701,Clifton,2.0,2.0,,2.0,11.512925464970229,170.0,Rental,36758655
85,Fresnaye,3.0,3.5,31 Kloof Road,1.0,10.933106969717286,254.0,Rental,36753715
19,Foreshore,1.0,1.0,Harbour Arch Boulevard,1.0,9.769956159911606,51.0,Rental,36818905
1597,Bo Kaap,1.0,1.0,,1.0,9.852194258148575,,Rental,36472122
1425,Bantry Bay,2.0,3.0,,2.0,11.461632170582678,186.0,Rental,36409861
664,Cape Town City Centre,1.0,1.0,"42 Greyville Square, Milnerton Drive Cape Town 2441",1.0,9.20532783015264,39.0,Rental,36806088
499,Vredehoek,2.0,1.0,,0.0,9.998797732340453,100.0,Rental,28331144
247,Claremont Upper,2.0,2.0,,2.0,10.085809109330082,146.0,Rental,36803776
1024,Rondebosch,2.0,1.0,4 Oakhurst Ave,0.0,10.1226230824528,69.0,Rental,35602923
293,Oranjezicht,1.0,1.0,,0.0,9.536040511615484,43.0,Rental,36787162
1060,Woodstock,3.0,1.0,,0.0,9.903487552536127,,Rental,36792943
1444,Green Point,3.0,2.0,,2.0,10.46310334047155,,Rental,36564906
1171,Sea Point,2.0,2.0,,1.0,10.491274217438248,,Rental,36714440
446,Claremont,1.0,1.0,,1.0,9.35010231435134,,Rental,36823418
969,Cape Town City Centre,2.0,4.0,,1.0,10.6689553946757,123.0,Rental,36572306
399,Vredehoek,2.0,2.0,,2.0,10.308952660644293,90.0,Rental,35806937
1359,Camps Bay,2.0,1.0,,1.0,10.043249494911286,70.0,Rental,36538431
607,Sea Point,2.0,1.0,,2.0,9.852194258148575,,Rental,36469618
1092,Rondebosch,1.0,1.0,,1.0,9.047821442478408,,Rental,36713455
365,Newlands,3.0,2.0,,2.0,10.545341438708522,,Rental,36817020
1325,Fresnaye,4.0,3.0,,2.0,10.819778284410283,,Rental,36632590
267,Mouille Point,2.0,2.0,,1.0,10.308952660644293,78.0,Rental,32144671
213,Cape Town City Centre,1.0,1.0,24 Hans Strijdom Ave,1.0,9.87816974455184,70.0,Rental,33976991
981,Cape Town City Centre,2.0,2.0,,1.0,9.903487552536127,86.0,Rental,33719137
529,Green Point,1.0,1.0,7 Main Road,1.0,9.64859530290734,49.0,Rental,36826634
943,Camps Bay,0.5,1.0,,1.0,9.680344001221918,45.0,Rental,36661504
1521,De Waterkant,2.0,2.0,,2.0,11.461632170582678,230.0,Rental,36404263
758,Sea Point,2.0,2.0,,1.0,10.596634733096073,,Rental,36779275
1366,Llandudno,4.0,2.0,,5.0,11.350406535472452,,Rental,36645942
1370,Pinelands,5.0,5.0,,7.0,10.736396675471232,,Rental,36540445
1481,Green Point,5.0,6.0,,3.0,11.652687407345388,,Rental,36493835
275,Woodstock,1.0,1.0,,1.0,9.305650551780507,52.0,Rental,32094885
43,Foreshore,1.0,1.0,Harbour Arch Boulevard,1.0,9.903487552536127,51.0,Rental,36796186
1038,Muizenberg,3.0,2.0,10 Promenade Road,3.0,9.852194258148575,,Rental,36792070
688,Claremont Upper,2.0,2.0,39 Grove Ave,2.0,9.975808214115752,111.0,Rental,36552909
1736,De Waterkant,1.0,1.0,66 Loader Street,1.0,11.350406535472452,,Rental,35204400
122,Cape Town City Centre,0.5,1.0,,0.0,9.680344001221918,27.0,Rental,36831183
1197,Waterfront,3.0,4.0,West Quay Road,3.0,12.301382825334498,491.0,Rental,35171822
757,Muizenberg,3.0,1.0,13 Milner Rd,0.0,9.895959286115335,171.0,Rental,36782340
1039,Constantia,3.0,3.0,,2.0,11.289781913656018,,Rental,36766363
327,Gardens,2.0,1.5,,1.0,9.798127036878302,90.0,Rental,34427477
17,Kenilworth,1.0,1.0,76 Rosmead Avenue,1.0,9.210340371976184,62.0,Rental,36828715
420,Gardens,1.0,1.0,,2.0,9.711115659888671,90.0,Rental,35407982
805,Sea Point,4.0,2.0,,2.0,10.596634733096073,292.0,Rental,36700931
511,Sea Point,2.0,2.0,,2.0,10.532096211958502,,Rental,36811103
219,De Waterkant,2.0,2.0,34 Prestwich Street,2.0,9.735068900911164,,Rental,36826175
1122,Sea Point,1.0,1.0,130 Ocean View Drive,0.0,10.16585181700362,58.0,Rental,34367875
27,Cape Town City Centre,2.0,2.0,16 Bree St,2.0,10.16585181700362,79.0,Rental,33162565
865,Plumstead,3.0,2.0,,3.0,9.998797732340453,490.0,Rental,36730324
1552,Sea Point,1.0,1.0,,0.0,9.680344001221918,60.0,Rental,36383865
1112,Cape Town City Centre,0.5,1.0,,1.0,9.51044496442652,35.0,Rental,36618631
755,Constantia,1.0,1.0,,1.0,9.615805480084347,65.0,Rental,36819763
1713,Waterfront,1.0,1.0,Marina Residence,2.0,10.531509373135613,102.0,Rental,28163978
921,Clifton,4.0,4.0,Kloof Rd Clifton,2.0,12.206072645530174,,Rental,36614647
1279,Gardens,3.0,3.0,,3.0,10.915088464214609,250.0,Rental,36600155
249,Sea Point,2.0,2.0,"201 Versailles, 219 Main Road",2.0,10.532096211958502,82.0,Rental,36799512
1301,Cape Town City Centre,0.5,1.0,,0.0,9.595602772766828,28.0,Rental,36597158
940,Camps Bay,3.0,2.5,,1.0,10.819778284410283,130.0,Rental,36661583
690,Sea Point,2.0,2.0,,2.0,10.46310334047155,104.0,Rental,35187494
1452,Kenilworth,3.0,2.0,,1.0,10.021270588192513,,Rental,36653736
632,Muizenberg,1.0,2.0,8 Royal Road,0.0,8.779557455883728,,Rental,36806928
1143,Sea Point,5.0,5.0,,3.0,11.652687407345388,,Rental,36701038
1004,Gardens,4.0,2.0,,0.0,10.404262840448617,,Rental,36728100
343,Cape Town City Centre,2.0,2.0,,1.0,10.126631103850338,76.0,Rental,36823861
28,Mouille Point,2.0,2.0,175 Beach Rd,1.0,10.23995978915734,105.0,Rental,35493802
611,Kenilworth Upper,2.0,2.0,246 Main Road,1.0,9.998797732340453,125.0,Rental,36765409
1603,Clifton,5.0,4.0,,0.0,12.429216196844385,403.0,Rental,36206136
372,Sea Point,2.0,2.0,,1.0,10.126631103850338,121.0,Rental,35427427
1277,Cape Town City Centre,0.5,1.0,Long St Cape Town City Centre,0.0,9.472704636443671,19.0,Rental,34820748
1647,Constantia,7.0,9.0,,4.0,11.982929094215963,,Rental,36275524
508,Sea Point,2.0,2.0,Erf927 High Level Rd,1.0,10.126631103850338,80.0,Rental,36587400
1079,Foreshore,2.0,2.0,Harbour Arch Boulevard,1.0,10.532096211958502,86.0,Rental,36443211
452,Green Point,1.0,1.0,,1.0,9.680344001221918,,Rental,36825528
1031,Tokai,3.0,2.5,,1.0,10.126631103850338,,Rental,36648498
172,Muizenberg,2.0,1.0,Sunrise Blvd Costa Da Gama,1.0,8.948975607841776,47.0,Rental,30069922
1164,Three Anchor Bay,0.5,1.0,,1.0,9.259130536145614,,Rental,36825204
1512,Sea Point,2.0,2.0,,1.0,10.596634733096073,,Rental,36549384
116,Muizenberg,3.0,2.0,"36 Aurora Sands, 01 St David's Street",2.0,9.388486557359656,100.0,Rental,36771591
437,Sea Point,1.0,1.0,,0.0,9.581903928408666,30.0,Rental,36788636
1678,Cape Town City Centre,2.0,1.0,"201 Hip Hop Plaza, 39 Roeland Street",1.0,9.87816974455184,102.0,Rental,36169485
620,Plumstead,2.0,1.0,"Medway Mews, 13 Humberstone Road",2.0,9.581903928408666,,Rental,30201814
160,Vredehoek,3.0,1.0,,1.0,9.825526011066415,78.0,Rental,36821014
1396,Three Anchor Bay,3.0,2.0,,2.0,10.714417768752456,,Rental,36702533
1466,Newlands,6.0,4.0,,10.0,11.082142548877776,,Rental,36511519
1522,Woodstock,1.0,1.0,105 Sussex Mews 55 Sussex Street,0.0,9.798127036878302,,Rental,36451185
1771,Green Point,1.0,1.0,,0.0,10.23995978915734,,Rental,35438208
1147,Foreshore,1.0,1.0,11 Christiaan Barnard Street,1.0,9.615805480084347,43.0,Rental,35538065
1517,Waterfront,3.0,3.0,,2.0,11.695247021764184,192.0,Rental,33315909
